frame,local_costmap_resolution,local_costmap_width,local_costmap_height,local_costmap_origin_pos_x,local_costmap_origin_pos_y,local_costmap_origin_orientation_z,local_costmap_origin_orientation_w
None,0.000000,0,0,0.000000,0.000000,0.000000,0.000000
None,0.000000,0,0,0.000000,0.000000,0.000000,0.000000
None,0.000000,0,0,0.000000,0.000000,0.000000,0.000000
None,0.000000,0,0,0.000000,0.000000,0.000000,0.000000
None,0.000000,0,0,0.000000,0.000000,0.000000,0.000000
None,0.000000,0,0,0.000000,0.000000,0.000000,0.000000
None,0.000000,0,0,0.000000,0.000000,0.000000,0.000000
None,0.000000,0,0,0.000000,0.000000,0.000000,0.000000
None,0.000000,0,0,0.000000,0.000000,0.000000,0.000000
None,0.000000,0,0,0.000000,0.000000,0.000000,0.000000
None,0.000000,0,0,0.000000,0.000000,0.000000,0.000000
None,0.000000,0,0,0.000000,0.000000,0.000000,0.000000
None,0.000000,0,0,0.000000,0.000000,0.000000,0.000000
None,0.000000,0,0,0.000000,0.000000,0.000000,0.000000
None,0.000000,0,0,0.000000,0.000000,0.000000,0.000000
None,0.000000,0,0,0.000000,0.000000,0.000000,0.000000
None,0.000000,0,0,0.000000,0.000000,0.000000,0.000000
odom,0.025000,160,160,-1.850000,-2.075000,0.000000,1.000000
odom,0.025000,160,160,-1.850000,-2.075000,0.000000,1.000000
odom,0.025000,160,160,-1.850000,-2.075000,0.000000,1.000000
odom,0.025000,160,160,-1.850000,-2.075000,0.000000,1.000000
odom,0.025000,160,160,-1.850000,-2.075000,0.000000,1.000000
odom,0.025000,160,160,-1.850000,-2.075000,0.000000,1.000000
odom,0.025000,160,160,-1.850000,-2.075000,0.000000,1.000000
odom,0.025000,160,160,-1.850000,-2.075000,0.000000,1.000000
odom,0.025000,160,160,-1.850000,-2.075000,0.000000,1.000000
odom,0.025000,160,160,-1.850000,-2.075000,0.000000,1.000000
odom,0.025000,160,160,-1.850000,-2.075000,0.000000,1.000000
odom,0.025000,160,160,-1.550000,-2.525000,0.000000,1.000000
odom,0.025000,160,160,-1.550000,-2.525000,0.000000,1.000000
odom,0.025000,160,160,-1.550000,-2.525000,0.000000,1.000000
odom,0.025000,160,160,-1.550000,-2.525000,0.000000,1.000000
odom,0.025000,160,160,-1.550000,-2.525000,0.000000,1.000000
odom,0.025000,160,160,-1.550000,-2.525000,0.000000,1.000000
odom,0.025000,160,160,-1.550000,-2.525000,0.000000,1.000000
odom,0.025000,160,160,-1.550000,-2.525000,0.000000,1.000000
odom,0.025000,160,160,-1.550000,-2.525000,0.000000,1.000000
odom,0.025000,160,160,-1.550000,-2.525000,0.000000,1.000000
odom,0.025000,160,160,-1.550000,-2.525000,0.000000,1.000000
odom,0.025000,160,160,-1.500000,-3.050000,0.000000,1.000000
odom,0.025000,160,160,-1.500000,-3.050000,0.000000,1.000000
odom,0.025000,160,160,-1.500000,-3.050000,0.000000,1.000000
odom,0.025000,160,160,-1.500000,-3.050000,0.000000,1.000000
odom,0.025000,160,160,-1.500000,-3.050000,0.000000,1.000000
odom,0.025000,160,160,-1.500000,-3.050000,0.000000,1.000000
odom,0.025000,160,160,-1.500000,-3.050000,0.000000,1.000000
odom,0.025000,160,160,-1.500000,-3.050000,0.000000,1.000000
odom,0.025000,160,160,-1.500000,-3.050000,0.000000,1.000000
odom,0.025000,160,160,-1.500000,-3.050000,0.000000,1.000000
odom,0.025000,160,160,-1.500000,-3.050000,0.000000,1.000000
odom,0.025000,160,160,-1.450000,-3.600000,0.000000,1.000000
odom,0.025000,160,160,-1.450000,-3.600000,0.000000,1.000000
odom,0.025000,160,160,-1.450000,-3.600000,0.000000,1.000000
odom,0.025000,160,160,-1.450000,-3.600000,0.000000,1.000000
odom,0.025000,160,160,-1.450000,-3.600000,0.000000,1.000000
odom,0.025000,160,160,-1.450000,-3.600000,0.000000,1.000000
odom,0.025000,160,160,-1.450000,-3.600000,0.000000,1.000000
odom,0.025000,160,160,-1.450000,-3.600000,0.000000,1.000000
odom,0.025000,160,160,-1.450000,-3.600000,0.000000,1.000000
odom,0.025000,160,160,-1.450000,-3.600000,0.000000,1.000000
odom,0.025000,160,160,-1.450000,-3.600000,0.000000,1.000000
odom,0.025000,160,160,-1.175000,-4.075000,0.000000,1.000000
odom,0.025000,160,160,-1.175000,-4.075000,0.000000,1.000000
odom,0.025000,160,160,-1.175000,-4.075000,0.000000,1.000000
odom,0.025000,160,160,-1.175000,-4.075000,0.000000,1.000000
odom,0.025000,160,160,-1.175000,-4.075000,0.000000,1.000000
odom,0.025000,160,160,-1.175000,-4.075000,0.000000,1.000000
odom,0.025000,160,160,-1.175000,-4.075000,0.000000,1.000000
odom,0.025000,160,160,-1.175000,-4.075000,0.000000,1.000000
odom,0.025000,160,160,-1.175000,-4.075000,0.000000,1.000000
odom,0.025000,160,160,-1.175000,-4.075000,0.000000,1.000000
odom,0.025000,160,160,-1.175000,-4.075000,0.000000,1.000000
odom,0.025000,160,160,-0.950000,-4.550000,0.000000,1.000000
odom,0.025000,160,160,-0.950000,-4.550000,0.000000,1.000000
odom,0.025000,160,160,-0.950000,-4.550000,0.000000,1.000000
odom,0.025000,160,160,-0.950000,-4.550000,0.000000,1.000000
odom,0.025000,160,160,-0.950000,-4.550000,0.000000,1.000000
odom,0.025000,160,160,-0.950000,-4.550000,0.000000,1.000000
odom,0.025000,160,160,-0.950000,-4.550000,0.000000,1.000000
odom,0.025000,160,160,-0.950000,-4.550000,0.000000,1.000000
odom,0.025000,160,160,-0.950000,-4.550000,0.000000,1.000000
odom,0.025000,160,160,-0.950000,-4.550000,0.000000,1.000000
odom,0.025000,160,160,-0.925000,-5.050000,0.000000,1.000000
odom,0.025000,160,160,-0.925000,-5.050000,0.000000,1.000000
odom,0.025000,160,160,-0.925000,-5.050000,0.000000,1.000000
odom,0.025000,160,160,-0.925000,-5.050000,0.000000,1.000000
odom,0.025000,160,160,-0.925000,-5.050000,0.000000,1.000000
odom,0.025000,160,160,-0.925000,-5.050000,0.000000,1.000000
odom,0.025000,160,160,-0.925000,-5.050000,0.000000,1.000000
odom,0.025000,160,160,-0.925000,-5.050000,0.000000,1.000000
odom,0.025000,160,160,-0.925000,-5.050000,0.000000,1.000000
odom,0.025000,160,160,-0.925000,-5.050000,0.000000,1.000000
odom,0.025000,160,160,-0.925000,-5.050000,0.000000,1.000000
odom,0.025000,160,160,-0.925000,-5.575000,0.000000,1.000000
odom,0.025000,160,160,-0.925000,-5.575000,0.000000,1.000000
odom,0.025000,160,160,-0.925000,-5.575000,0.000000,1.000000
odom,0.025000,160,160,-0.925000,-5.575000,0.000000,1.000000
odom,0.025000,160,160,-0.925000,-5.575000,0.000000,1.000000
odom,0.025000,160,160,-0.925000,-5.575000,0.000000,1.000000
odom,0.025000,160,160,-0.925000,-5.575000,0.000000,1.000000
odom,0.025000,160,160,-0.925000,-5.575000,0.000000,1.000000
odom,0.025000,160,160,-0.925000,-5.575000,0.000000,1.000000
odom,0.025000,160,160,-0.925000,-5.575000,0.000000,1.000000
odom,0.025000,160,160,-0.925000,-5.575000,0.000000,1.000000
odom,0.025000,160,160,-0.925000,-5.625000,0.000000,1.000000
odom,0.025000,160,160,-0.925000,-5.625000,0.000000,1.000000
odom,0.025000,160,160,-0.925000,-5.625000,0.000000,1.000000
odom,0.025000,160,160,-0.925000,-5.625000,0.000000,1.000000
odom,0.025000,160,160,-0.925000,-5.625000,0.000000,1.000000
odom,0.025000,160,160,-0.925000,-5.625000,0.000000,1.000000
odom,0.025000,160,160,-0.925000,-5.625000,0.000000,1.000000
odom,0.025000,160,160,-0.925000,-5.625000,0.000000,1.000000
odom,0.025000,160,160,-0.925000,-5.625000,0.000000,1.000000
odom,0.025000,160,160,-0.925000,-5.625000,0.000000,1.000000
odom,0.025000,160,160,-0.925000,-5.625000,0.000000,1.000000
odom,0.025000,160,160,-0.925000,-5.625000,0.000000,1.000000
odom,0.025000,160,160,-0.925000,-5.625000,0.000000,1.000000
odom,0.025000,160,160,-0.925000,-5.625000,0.000000,1.000000
odom,0.025000,160,160,-0.925000,-5.625000,0.000000,1.000000
odom,0.025000,160,160,-0.925000,-5.625000,0.000000,1.000000
odom,0.025000,160,160,-0.925000,-5.625000,0.000000,1.000000
odom,0.025000,160,160,-0.925000,-5.625000,0.000000,1.000000
odom,0.025000,160,160,-0.925000,-5.625000,0.000000,1.000000
odom,0.025000,160,160,-0.925000,-5.625000,0.000000,1.000000
odom,0.025000,160,160,-0.925000,-5.625000,0.000000,1.000000
odom,0.025000,160,160,-0.925000,-5.625000,0.000000,1.000000
odom,0.025000,160,160,-0.925000,-5.625000,0.000000,1.000000
odom,0.025000,160,160,-0.925000,-5.625000,0.000000,1.000000
odom,0.025000,160,160,-0.925000,-5.625000,0.000000,1.000000
odom,0.025000,160,160,-0.925000,-5.625000,0.000000,1.000000
odom,0.025000,160,160,-0.925000,-5.625000,0.000000,1.000000
odom,0.025000,160,160,-0.925000,-5.625000,0.000000,1.000000
odom,0.025000,160,160,-0.925000,-5.625000,0.000000,1.000000
odom,0.025000,160,160,-0.925000,-5.625000,0.000000,1.000000
odom,0.025000,160,160,-0.925000,-5.625000,0.000000,1.000000
odom,0.025000,160,160,-0.925000,-5.625000,0.000000,1.000000
odom,0.025000,160,160,-0.925000,-5.625000,0.000000,1.000000
odom,0.025000,160,160,-0.925000,-5.625000,0.000000,1.000000
odom,0.025000,160,160,-0.925000,-5.625000,0.000000,1.000000
odom,0.025000,160,160,-0.925000,-5.625000,0.000000,1.000000
odom,0.025000,160,160,-0.925000,-5.625000,0.000000,1.000000
odom,0.025000,160,160,-0.925000,-5.625000,0.000000,1.000000
odom,0.025000,160,160,-0.925000,-5.625000,0.000000,1.000000
odom,0.025000,160,160,-0.925000,-5.625000,0.000000,1.000000
odom,0.025000,160,160,-0.925000,-5.625000,0.000000,1.000000
odom,0.025000,160,160,-0.925000,-5.625000,0.000000,1.000000
odom,0.025000,160,160,-0.925000,-5.625000,0.000000,1.000000
odom,0.025000,160,160,-0.925000,-5.625000,0.000000,1.000000
odom,0.025000,160,160,-0.925000,-5.625000,0.000000,1.000000
odom,0.025000,160,160,-0.925000,-5.625000,0.000000,1.000000
odom,0.025000,160,160,-0.925000,-5.625000,0.000000,1.000000
odom,0.025000,160,160,-0.925000,-5.625000,0.000000,1.000000
odom,0.025000,160,160,-0.925000,-5.625000,0.000000,1.000000
odom,0.025000,160,160,-0.925000,-5.625000,0.000000,1.000000
odom,0.025000,160,160,-0.925000,-5.625000,0.000000,1.000000
odom,0.025000,160,160,-0.925000,-5.625000,0.000000,1.000000
odom,0.025000,160,160,-0.925000,-5.625000,0.000000,1.000000
odom,0.025000,160,160,-0.925000,-5.625000,0.000000,1.000000
odom,0.025000,160,160,-0.925000,-5.625000,0.000000,1.000000
odom,0.025000,160,160,-0.925000,-5.625000,0.000000,1.000000
odom,0.025000,160,160,-0.925000,-5.625000,0.000000,1.000000
odom,0.025000,160,160,-0.925000,-5.625000,0.000000,1.000000
odom,0.025000,160,160,-0.925000,-5.625000,0.000000,1.000000
odom,0.025000,160,160,-0.925000,-5.625000,0.000000,1.000000
odom,0.025000,160,160,-0.925000,-5.625000,0.000000,1.000000
odom,0.025000,160,160,-0.925000,-5.625000,0.000000,1.000000
odom,0.025000,160,160,-0.925000,-5.625000,0.000000,1.000000
odom,0.025000,160,160,-0.925000,-5.625000,0.000000,1.000000
odom,0.025000,160,160,-0.925000,-5.625000,0.000000,1.000000
odom,0.025000,160,160,-0.925000,-5.625000,0.000000,1.000000
odom,0.025000,160,160,-0.925000,-5.625000,0.000000,1.000000
odom,0.025000,160,160,-0.925000,-5.625000,0.000000,1.000000
odom,0.025000,160,160,-0.925000,-5.625000,0.000000,1.000000
odom,0.025000,160,160,-0.925000,-5.625000,0.000000,1.000000
odom,0.025000,160,160,-0.925000,-5.625000,0.000000,1.000000
odom,0.025000,160,160,-0.925000,-5.625000,0.000000,1.000000
odom,0.025000,160,160,-0.925000,-5.625000,0.000000,1.000000
odom,0.025000,160,160,-0.925000,-5.625000,0.000000,1.000000
odom,0.025000,160,160,-0.925000,-5.625000,0.000000,1.000000
odom,0.025000,160,160,-0.925000,-5.625000,0.000000,1.000000
odom,0.025000,160,160,-0.925000,-5.625000,0.000000,1.000000
odom,0.025000,160,160,-0.925000,-5.625000,0.000000,1.000000
odom,0.025000,160,160,-0.925000,-5.625000,0.000000,1.000000
odom,0.025000,160,160,-0.925000,-5.600000,0.000000,1.000000
odom,0.025000,160,160,-0.925000,-5.600000,0.000000,1.000000
odom,0.025000,160,160,-0.925000,-5.600000,0.000000,1.000000
odom,0.025000,160,160,-0.925000,-5.600000,0.000000,1.000000
odom,0.025000,160,160,-0.925000,-5.600000,0.000000,1.000000
odom,0.025000,160,160,-0.925000,-5.600000,0.000000,1.000000
odom,0.025000,160,160,-0.925000,-5.600000,0.000000,1.000000
odom,0.025000,160,160,-0.925000,-5.600000,0.000000,1.000000
odom,0.025000,160,160,-0.925000,-5.600000,0.000000,1.000000
odom,0.025000,160,160,-0.925000,-5.600000,0.000000,1.000000
odom,0.025000,160,160,-0.925000,-5.600000,0.000000,1.000000
odom,0.025000,160,160,-0.600000,-5.750000,0.000000,1.000000
odom,0.025000,160,160,-0.600000,-5.750000,0.000000,1.000000
odom,0.025000,160,160,-0.600000,-5.750000,0.000000,1.000000
odom,0.025000,160,160,-0.600000,-5.750000,0.000000,1.000000
odom,0.025000,160,160,-0.600000,-5.750000,0.000000,1.000000
odom,0.025000,160,160,-0.600000,-5.750000,0.000000,1.000000
odom,0.025000,160,160,-0.600000,-5.750000,0.000000,1.000000
odom,0.025000,160,160,-0.600000,-5.750000,0.000000,1.000000
odom,0.025000,160,160,-0.600000,-5.750000,0.000000,1.000000
odom,0.025000,160,160,-0.600000,-5.750000,0.000000,1.000000
odom,0.025000,160,160,-0.175000,-5.950000,0.000000,1.000000
odom,0.025000,160,160,-0.175000,-5.950000,0.000000,1.000000
odom,0.025000,160,160,-0.175000,-5.950000,0.000000,1.000000
odom,0.025000,160,160,-0.175000,-5.950000,0.000000,1.000000
odom,0.025000,160,160,-0.175000,-5.950000,0.000000,1.000000
odom,0.025000,160,160,-0.175000,-5.950000,0.000000,1.000000
odom,0.025000,160,160,-0.175000,-5.950000,0.000000,1.000000
odom,0.025000,160,160,-0.175000,-5.950000,0.000000,1.000000
odom,0.025000,160,160,-0.175000,-5.950000,0.000000,1.000000
odom,0.025000,160,160,-0.175000,-5.950000,0.000000,1.000000
odom,0.025000,160,160,-0.175000,-5.950000,0.000000,1.000000
odom,0.025000,160,160,0.025000,-6.100000,0.000000,1.000000
odom,0.025000,160,160,0.025000,-6.100000,0.000000,1.000000
odom,0.025000,160,160,0.025000,-6.100000,0.000000,1.000000
odom,0.025000,160,160,0.025000,-6.100000,0.000000,1.000000
odom,0.025000,160,160,0.025000,-6.100000,0.000000,1.000000
odom,0.025000,160,160,0.025000,-6.100000,0.000000,1.000000
odom,0.025000,160,160,0.025000,-6.100000,0.000000,1.000000
odom,0.025000,160,160,0.025000,-6.100000,0.000000,1.000000
odom,0.025000,160,160,0.025000,-6.100000,0.000000,1.000000
odom,0.025000,160,160,0.025000,-6.100000,0.000000,1.000000
odom,0.025000,160,160,0.025000,-6.100000,0.000000,1.000000
odom,0.025000,160,160,0.125000,-6.175000,0.000000,1.000000
odom,0.025000,160,160,0.125000,-6.175000,0.000000,1.000000
odom,0.025000,160,160,0.125000,-6.175000,0.000000,1.000000
odom,0.025000,160,160,0.125000,-6.175000,0.000000,1.000000
odom,0.025000,160,160,0.125000,-6.175000,0.000000,1.000000
odom,0.025000,160,160,0.125000,-6.175000,0.000000,1.000000
odom,0.025000,160,160,0.125000,-6.175000,0.000000,1.000000
odom,0.025000,160,160,0.125000,-6.175000,0.000000,1.000000
odom,0.025000,160,160,0.125000,-6.175000,0.000000,1.000000
odom,0.025000,160,160,0.125000,-6.175000,0.000000,1.000000
odom,0.025000,160,160,0.125000,-6.175000,0.000000,1.000000
odom,0.025000,160,160,0.225000,-6.300000,0.000000,1.000000
odom,0.025000,160,160,0.225000,-6.300000,0.000000,1.000000
odom,0.025000,160,160,0.225000,-6.300000,0.000000,1.000000
odom,0.025000,160,160,0.225000,-6.300000,0.000000,1.000000
odom,0.025000,160,160,0.225000,-6.300000,0.000000,1.000000
odom,0.025000,160,160,0.225000,-6.300000,0.000000,1.000000
odom,0.025000,160,160,0.225000,-6.300000,0.000000,1.000000
odom,0.025000,160,160,0.225000,-6.300000,0.000000,1.000000
odom,0.025000,160,160,0.225000,-6.300000,0.000000,1.000000
odom,0.025000,160,160,0.225000,-6.300000,0.000000,1.000000
odom,0.025000,160,160,0.250000,-6.300000,0.000000,1.000000
odom,0.025000,160,160,0.250000,-6.300000,0.000000,1.000000
odom,0.025000,160,160,0.250000,-6.300000,0.000000,1.000000
odom,0.025000,160,160,0.250000,-6.300000,0.000000,1.000000
odom,0.025000,160,160,0.250000,-6.300000,0.000000,1.000000
odom,0.025000,160,160,0.250000,-6.300000,0.000000,1.000000
odom,0.025000,160,160,0.250000,-6.300000,0.000000,1.000000
odom,0.025000,160,160,0.250000,-6.300000,0.000000,1.000000
odom,0.025000,160,160,0.250000,-6.300000,0.000000,1.000000
odom,0.025000,160,160,0.250000,-6.300000,0.000000,1.000000
odom,0.025000,160,160,0.250000,-6.300000,0.000000,1.000000
odom,0.025000,160,160,0.225000,-6.250000,0.000000,1.000000
odom,0.025000,160,160,0.225000,-6.250000,0.000000,1.000000
odom,0.025000,160,160,0.225000,-6.250000,0.000000,1.000000
odom,0.025000,160,160,0.225000,-6.250000,0.000000,1.000000
odom,0.025000,160,160,0.225000,-6.250000,0.000000,1.000000
odom,0.025000,160,160,0.225000,-6.250000,0.000000,1.000000
odom,0.025000,160,160,0.225000,-6.250000,0.000000,1.000000
odom,0.025000,160,160,0.225000,-6.250000,0.000000,1.000000
odom,0.025000,160,160,0.225000,-6.250000,0.000000,1.000000
odom,0.025000,160,160,0.225000,-6.250000,0.000000,1.000000
odom,0.025000,160,160,0.225000,-6.250000,0.000000,1.000000
odom,0.025000,160,160,0.225000,-6.300000,0.000000,1.000000
odom,0.025000,160,160,0.225000,-6.300000,0.000000,1.000000
odom,0.025000,160,160,0.225000,-6.300000,0.000000,1.000000
odom,0.025000,160,160,0.225000,-6.300000,0.000000,1.000000
odom,0.025000,160,160,0.225000,-6.300000,0.000000,1.000000
odom,0.025000,160,160,0.225000,-6.300000,0.000000,1.000000
odom,0.025000,160,160,0.225000,-6.300000,0.000000,1.000000
odom,0.025000,160,160,0.225000,-6.300000,0.000000,1.000000
odom,0.025000,160,160,0.225000,-6.300000,0.000000,1.000000
odom,0.025000,160,160,0.225000,-6.300000,0.000000,1.000000
odom,0.025000,160,160,0.225000,-6.300000,0.000000,1.000000
odom,0.025000,160,160,0.250000,-6.375000,0.000000,1.000000
odom,0.025000,160,160,0.250000,-6.375000,0.000000,1.000000
odom,0.025000,160,160,0.250000,-6.375000,0.000000,1.000000
odom,0.025000,160,160,0.250000,-6.375000,0.000000,1.000000
odom,0.025000,160,160,0.250000,-6.375000,0.000000,1.000000
odom,0.025000,160,160,0.250000,-6.375000,0.000000,1.000000
odom,0.025000,160,160,0.250000,-6.375000,0.000000,1.000000
odom,0.025000,160,160,0.250000,-6.375000,0.000000,1.000000
odom,0.025000,160,160,0.250000,-6.375000,0.000000,1.000000
odom,0.025000,160,160,0.250000,-6.375000,0.000000,1.000000
odom,0.025000,160,160,0.250000,-6.375000,0.000000,1.000000
odom,0.025000,160,160,0.250000,-6.350000,0.000000,1.000000
odom,0.025000,160,160,0.250000,-6.350000,0.000000,1.000000
odom,0.025000,160,160,0.250000,-6.350000,0.000000,1.000000
odom,0.025000,160,160,0.250000,-6.350000,0.000000,1.000000
odom,0.025000,160,160,0.250000,-6.350000,0.000000,1.000000
odom,0.025000,160,160,0.250000,-6.350000,0.000000,1.000000
odom,0.025000,160,160,0.250000,-6.350000,0.000000,1.000000
odom,0.025000,160,160,0.250000,-6.350000,0.000000,1.000000
odom,0.025000,160,160,0.250000,-6.350000,0.000000,1.000000
odom,0.025000,160,160,0.250000,-6.350000,0.000000,1.000000
odom,0.025000,160,160,0.100000,-6.575000,0.000000,1.000000
odom,0.025000,160,160,0.100000,-6.575000,0.000000,1.000000
odom,0.025000,160,160,0.100000,-6.575000,0.000000,1.000000
odom,0.025000,160,160,0.100000,-6.575000,0.000000,1.000000
odom,0.025000,160,160,0.100000,-6.575000,0.000000,1.000000
odom,0.025000,160,160,0.100000,-6.575000,0.000000,1.000000
odom,0.025000,160,160,0.100000,-6.575000,0.000000,1.000000
odom,0.025000,160,160,0.100000,-6.575000,0.000000,1.000000
odom,0.025000,160,160,0.100000,-6.575000,0.000000,1.000000
odom,0.025000,160,160,0.100000,-6.575000,0.000000,1.000000
odom,0.025000,160,160,-0.125000,-7.000000,0.000000,1.000000
odom,0.025000,160,160,-0.125000,-7.000000,0.000000,1.000000
odom,0.025000,160,160,-0.125000,-7.000000,0.000000,1.000000
odom,0.025000,160,160,-0.125000,-7.000000,0.000000,1.000000
odom,0.025000,160,160,-0.125000,-7.000000,0.000000,1.000000
odom,0.025000,160,160,-0.125000,-7.000000,0.000000,1.000000
odom,0.025000,160,160,-0.125000,-7.000000,0.000000,1.000000
odom,0.025000,160,160,-0.125000,-7.000000,0.000000,1.000000
odom,0.025000,160,160,-0.125000,-7.000000,0.000000,1.000000
odom,0.025000,160,160,-0.125000,-7.000000,0.000000,1.000000
odom,0.025000,160,160,-0.125000,-7.000000,0.000000,1.000000
odom,0.025000,160,160,-0.250000,-7.525000,0.000000,1.000000
odom,0.025000,160,160,-0.250000,-7.525000,0.000000,1.000000
odom,0.025000,160,160,-0.250000,-7.525000,0.000000,1.000000
odom,0.025000,160,160,-0.250000,-7.525000,0.000000,1.000000
odom,0.025000,160,160,-0.250000,-7.525000,0.000000,1.000000
odom,0.025000,160,160,-0.250000,-7.525000,0.000000,1.000000
odom,0.025000,160,160,-0.250000,-7.525000,0.000000,1.000000
odom,0.025000,160,160,-0.250000,-7.525000,0.000000,1.000000
odom,0.025000,160,160,-0.250000,-7.525000,0.000000,1.000000
odom,0.025000,160,160,-0.250000,-7.525000,0.000000,1.000000
odom,0.025000,160,160,-0.250000,-7.525000,0.000000,1.000000
odom,0.025000,160,160,-0.300000,-8.075000,0.000000,1.000000
odom,0.025000,160,160,-0.300000,-8.075000,0.000000,1.000000
odom,0.025000,160,160,-0.300000,-8.075000,0.000000,1.000000
odom,0.025000,160,160,-0.300000,-8.075000,0.000000,1.000000
odom,0.025000,160,160,-0.300000,-8.075000,0.000000,1.000000
odom,0.025000,160,160,-0.300000,-8.075000,0.000000,1.000000
odom,0.025000,160,160,-0.300000,-8.075000,0.000000,1.000000
odom,0.025000,160,160,-0.300000,-8.075000,0.000000,1.000000
odom,0.025000,160,160,-0.300000,-8.075000,0.000000,1.000000
odom,0.025000,160,160,-0.300000,-8.075000,0.000000,1.000000
odom,0.025000,160,160,-0.375000,-8.575000,0.000000,1.000000
odom,0.025000,160,160,-0.375000,-8.575000,0.000000,1.000000
odom,0.025000,160,160,-0.375000,-8.575000,0.000000,1.000000
odom,0.025000,160,160,-0.375000,-8.575000,0.000000,1.000000
odom,0.025000,160,160,-0.375000,-8.575000,0.000000,1.000000
odom,0.025000,160,160,-0.375000,-8.575000,0.000000,1.000000
odom,0.025000,160,160,-0.375000,-8.575000,0.000000,1.000000
odom,0.025000,160,160,-0.375000,-8.575000,0.000000,1.000000
odom,0.025000,160,160,-0.375000,-8.575000,0.000000,1.000000
odom,0.025000,160,160,-0.375000,-8.575000,0.000000,1.000000
odom,0.025000,160,160,-0.375000,-8.575000,0.000000,1.000000
odom,0.025000,160,160,-0.375000,-8.725000,0.000000,1.000000
odom,0.025000,160,160,-0.375000,-8.725000,0.000000,1.000000
odom,0.025000,160,160,-0.375000,-8.725000,0.000000,1.000000
odom,0.025000,160,160,-0.375000,-8.725000,0.000000,1.000000
odom,0.025000,160,160,-0.375000,-8.725000,0.000000,1.000000
odom,0.025000,160,160,-0.375000,-8.725000,0.000000,1.000000
odom,0.025000,160,160,-0.375000,-8.725000,0.000000,1.000000
odom,0.025000,160,160,-0.375000,-8.725000,0.000000,1.000000
odom,0.025000,160,160,-0.375000,-8.725000,0.000000,1.000000
odom,0.025000,160,160,-0.375000,-8.725000,0.000000,1.000000
odom,0.025000,160,160,-0.375000,-8.725000,0.000000,1.000000
odom,0.025000,160,160,-0.375000,-8.725000,0.000000,1.000000
odom,0.025000,160,160,-0.375000,-8.725000,0.000000,1.000000
odom,0.025000,160,160,-0.375000,-8.725000,0.000000,1.000000
odom,0.025000,160,160,-0.375000,-8.725000,0.000000,1.000000
odom,0.025000,160,160,-0.375000,-8.725000,0.000000,1.000000
odom,0.025000,160,160,-0.375000,-8.725000,0.000000,1.000000
odom,0.025000,160,160,-0.375000,-8.725000,0.000000,1.000000
odom,0.025000,160,160,-0.375000,-8.725000,0.000000,1.000000
odom,0.025000,160,160,-0.375000,-8.725000,0.000000,1.000000
odom,0.025000,160,160,-0.375000,-8.725000,0.000000,1.000000
odom,0.025000,160,160,-0.375000,-8.725000,0.000000,1.000000
odom,0.025000,160,160,-0.375000,-8.750000,0.000000,1.000000
odom,0.025000,160,160,-0.375000,-8.750000,0.000000,1.000000
odom,0.025000,160,160,-0.375000,-8.750000,0.000000,1.000000
odom,0.025000,160,160,-0.375000,-8.750000,0.000000,1.000000
odom,0.025000,160,160,-0.375000,-8.750000,0.000000,1.000000
odom,0.025000,160,160,-0.375000,-8.750000,0.000000,1.000000
odom,0.025000,160,160,-0.375000,-8.750000,0.000000,1.000000
odom,0.025000,160,160,-0.375000,-8.750000,0.000000,1.000000
odom,0.025000,160,160,-0.375000,-8.750000,0.000000,1.000000
odom,0.025000,160,160,-0.375000,-8.750000,0.000000,1.000000
odom,0.025000,160,160,-0.150000,-8.975000,0.000000,1.000000
odom,0.025000,160,160,-0.150000,-8.975000,0.000000,1.000000
odom,0.025000,160,160,-0.150000,-8.975000,0.000000,1.000000
odom,0.025000,160,160,-0.150000,-8.975000,0.000000,1.000000
odom,0.025000,160,160,-0.150000,-8.975000,0.000000,1.000000
odom,0.025000,160,160,-0.150000,-8.975000,0.000000,1.000000
odom,0.025000,160,160,-0.150000,-8.975000,0.000000,1.000000
odom,0.025000,160,160,-0.150000,-8.975000,0.000000,1.000000
odom,0.025000,160,160,-0.150000,-8.975000,0.000000,1.000000
odom,0.025000,160,160,-0.150000,-8.975000,0.000000,1.000000
odom,0.025000,160,160,-0.150000,-8.975000,0.000000,1.000000
odom,0.025000,160,160,0.150000,-9.275000,0.000000,1.000000
odom,0.025000,160,160,0.150000,-9.275000,0.000000,1.000000
odom,0.025000,160,160,0.150000,-9.275000,0.000000,1.000000
odom,0.025000,160,160,0.150000,-9.275000,0.000000,1.000000
odom,0.025000,160,160,0.150000,-9.275000,0.000000,1.000000
odom,0.025000,160,160,0.150000,-9.275000,0.000000,1.000000
odom,0.025000,160,160,0.150000,-9.275000,0.000000,1.000000
odom,0.025000,160,160,0.150000,-9.275000,0.000000,1.000000
odom,0.025000,160,160,0.150000,-9.275000,0.000000,1.000000
odom,0.025000,160,160,0.150000,-9.275000,0.000000,1.000000
odom,0.025000,160,160,0.150000,-9.275000,0.000000,1.000000
odom,0.025000,160,160,0.175000,-9.350000,0.000000,1.000000
odom,0.025000,160,160,0.175000,-9.350000,0.000000,1.000000
odom,0.025000,160,160,0.175000,-9.350000,0.000000,1.000000
odom,0.025000,160,160,0.175000,-9.350000,0.000000,1.000000
odom,0.025000,160,160,0.175000,-9.350000,0.000000,1.000000
odom,0.025000,160,160,0.175000,-9.350000,0.000000,1.000000
odom,0.025000,160,160,0.175000,-9.350000,0.000000,1.000000
odom,0.025000,160,160,0.175000,-9.350000,0.000000,1.000000
odom,0.025000,160,160,0.175000,-9.350000,0.000000,1.000000
odom,0.025000,160,160,0.175000,-9.350000,0.000000,1.000000
odom,0.025000,160,160,0.175000,-9.350000,0.000000,1.000000
odom,0.025000,160,160,0.175000,-9.350000,0.000000,1.000000
odom,0.025000,160,160,0.175000,-9.350000,0.000000,1.000000
odom,0.025000,160,160,0.175000,-9.350000,0.000000,1.000000
odom,0.025000,160,160,0.175000,-9.350000,0.000000,1.000000
odom,0.025000,160,160,0.175000,-9.350000,0.000000,1.000000
odom,0.025000,160,160,0.175000,-9.350000,0.000000,1.000000
odom,0.025000,160,160,0.175000,-9.350000,0.000000,1.000000
odom,0.025000,160,160,0.175000,-9.350000,0.000000,1.000000
odom,0.025000,160,160,0.175000,-9.350000,0.000000,1.000000
odom,0.025000,160,160,0.175000,-9.350000,0.000000,1.000000
odom,0.025000,160,160,0.175000,-9.325000,0.000000,1.000000
odom,0.025000,160,160,0.175000,-9.325000,0.000000,1.000000
odom,0.025000,160,160,0.175000,-9.325000,0.000000,1.000000
odom,0.025000,160,160,0.175000,-9.325000,0.000000,1.000000
odom,0.025000,160,160,0.175000,-9.325000,0.000000,1.000000
odom,0.025000,160,160,0.175000,-9.325000,0.000000,1.000000
odom,0.025000,160,160,0.175000,-9.325000,0.000000,1.000000
odom,0.025000,160,160,0.175000,-9.325000,0.000000,1.000000
odom,0.025000,160,160,0.175000,-9.325000,0.000000,1.000000
odom,0.025000,160,160,0.175000,-9.325000,0.000000,1.000000
odom,0.025000,160,160,0.175000,-9.325000,0.000000,1.000000
odom,0.025000,160,160,0.175000,-9.325000,0.000000,1.000000
odom,0.025000,160,160,0.175000,-9.325000,0.000000,1.000000
odom,0.025000,160,160,0.175000,-9.325000,0.000000,1.000000
odom,0.025000,160,160,0.175000,-9.325000,0.000000,1.000000
odom,0.025000,160,160,0.175000,-9.325000,0.000000,1.000000
odom,0.025000,160,160,0.175000,-9.325000,0.000000,1.000000
odom,0.025000,160,160,0.175000,-9.325000,0.000000,1.000000
odom,0.025000,160,160,0.175000,-9.325000,0.000000,1.000000
odom,0.025000,160,160,0.175000,-9.325000,0.000000,1.000000
odom,0.025000,160,160,0.175000,-9.325000,0.000000,1.000000
odom,0.025000,160,160,0.175000,-9.325000,0.000000,1.000000
odom,0.025000,160,160,0.200000,-9.325000,0.000000,1.000000
odom,0.025000,160,160,0.200000,-9.325000,0.000000,1.000000
odom,0.025000,160,160,0.200000,-9.325000,0.000000,1.000000
odom,0.025000,160,160,0.200000,-9.325000,0.000000,1.000000
odom,0.025000,160,160,0.200000,-9.325000,0.000000,1.000000
odom,0.025000,160,160,0.200000,-9.325000,0.000000,1.000000
odom,0.025000,160,160,0.200000,-9.325000,0.000000,1.000000
odom,0.025000,160,160,0.200000,-9.325000,0.000000,1.000000
odom,0.025000,160,160,0.200000,-9.325000,0.000000,1.000000
odom,0.025000,160,160,0.200000,-9.325000,0.000000,1.000000
odom,0.025000,160,160,0.200000,-9.325000,0.000000,1.000000
odom,0.025000,160,160,0.200000,-9.300000,0.000000,1.000000
odom,0.025000,160,160,0.200000,-9.300000,0.000000,1.000000
odom,0.025000,160,160,0.200000,-9.300000,0.000000,1.000000
odom,0.025000,160,160,0.200000,-9.300000,0.000000,1.000000
odom,0.025000,160,160,0.200000,-9.300000,0.000000,1.000000
odom,0.025000,160,160,0.200000,-9.300000,0.000000,1.000000
odom,0.025000,160,160,0.200000,-9.300000,0.000000,1.000000
odom,0.025000,160,160,0.200000,-9.300000,0.000000,1.000000
odom,0.025000,160,160,0.200000,-9.300000,0.000000,1.000000
odom,0.025000,160,160,0.200000,-9.300000,0.000000,1.000000
odom,0.025000,160,160,0.200000,-9.300000,0.000000,1.000000
odom,0.025000,160,160,0.200000,-9.300000,0.000000,1.000000
odom,0.025000,160,160,0.200000,-9.300000,0.000000,1.000000
odom,0.025000,160,160,0.200000,-9.300000,0.000000,1.000000
odom,0.025000,160,160,0.200000,-9.300000,0.000000,1.000000
odom,0.025000,160,160,0.200000,-9.300000,0.000000,1.000000
odom,0.025000,160,160,0.200000,-9.300000,0.000000,1.000000
odom,0.025000,160,160,0.200000,-9.300000,0.000000,1.000000
odom,0.025000,160,160,0.200000,-9.300000,0.000000,1.000000
odom,0.025000,160,160,0.200000,-9.300000,0.000000,1.000000
odom,0.025000,160,160,0.200000,-9.300000,0.000000,1.000000
odom,0.025000,160,160,0.200000,-9.300000,0.000000,1.000000
odom,0.025000,160,160,0.225000,-9.275000,0.000000,1.000000
odom,0.025000,160,160,0.225000,-9.275000,0.000000,1.000000
odom,0.025000,160,160,0.225000,-9.275000,0.000000,1.000000
odom,0.025000,160,160,0.225000,-9.275000,0.000000,1.000000
odom,0.025000,160,160,0.225000,-9.275000,0.000000,1.000000
odom,0.025000,160,160,0.225000,-9.275000,0.000000,1.000000
odom,0.025000,160,160,0.225000,-9.275000,0.000000,1.000000
odom,0.025000,160,160,0.225000,-9.275000,0.000000,1.000000
odom,0.025000,160,160,0.225000,-9.275000,0.000000,1.000000
odom,0.025000,160,160,0.225000,-9.275000,0.000000,1.000000
odom,0.025000,160,160,0.225000,-9.275000,0.000000,1.000000
odom,0.025000,160,160,0.225000,-9.250000,0.000000,1.000000
odom,0.025000,160,160,0.225000,-9.250000,0.000000,1.000000
odom,0.025000,160,160,0.225000,-9.250000,0.000000,1.000000
odom,0.025000,160,160,0.225000,-9.250000,0.000000,1.000000
odom,0.025000,160,160,0.225000,-9.250000,0.000000,1.000000
odom,0.025000,160,160,0.225000,-9.250000,0.000000,1.000000
odom,0.025000,160,160,0.225000,-9.250000,0.000000,1.000000
odom,0.025000,160,160,0.225000,-9.250000,0.000000,1.000000
odom,0.025000,160,160,0.225000,-9.250000,0.000000,1.000000
odom,0.025000,160,160,0.225000,-9.250000,0.000000,1.000000
odom,0.025000,160,160,0.225000,-9.250000,0.000000,1.000000
odom,0.025000,160,160,0.225000,-9.250000,0.000000,1.000000
odom,0.025000,160,160,0.225000,-9.250000,0.000000,1.000000
odom,0.025000,160,160,0.225000,-9.250000,0.000000,1.000000
odom,0.025000,160,160,0.225000,-9.250000,0.000000,1.000000
odom,0.025000,160,160,0.225000,-9.250000,0.000000,1.000000
odom,0.025000,160,160,0.225000,-9.250000,0.000000,1.000000
odom,0.025000,160,160,0.225000,-9.250000,0.000000,1.000000
odom,0.025000,160,160,0.225000,-9.250000,0.000000,1.000000
odom,0.025000,160,160,0.225000,-9.250000,0.000000,1.000000
odom,0.025000,160,160,0.225000,-9.250000,0.000000,1.000000
odom,0.025000,160,160,0.225000,-9.250000,0.000000,1.000000
odom,0.025000,160,160,0.225000,-9.250000,0.000000,1.000000
odom,0.025000,160,160,0.225000,-9.250000,0.000000,1.000000
odom,0.025000,160,160,0.225000,-9.250000,0.000000,1.000000
odom,0.025000,160,160,0.225000,-9.250000,0.000000,1.000000
odom,0.025000,160,160,0.225000,-9.250000,0.000000,1.000000
odom,0.025000,160,160,0.225000,-9.250000,0.000000,1.000000
odom,0.025000,160,160,0.225000,-9.250000,0.000000,1.000000
odom,0.025000,160,160,0.225000,-9.250000,0.000000,1.000000
odom,0.025000,160,160,0.225000,-9.250000,0.000000,1.000000
odom,0.025000,160,160,0.225000,-9.250000,0.000000,1.000000
odom,0.025000,160,160,0.225000,-9.250000,0.000000,1.000000
odom,0.025000,160,160,0.225000,-9.250000,0.000000,1.000000
odom,0.025000,160,160,0.225000,-9.250000,0.000000,1.000000
odom,0.025000,160,160,0.225000,-9.250000,0.000000,1.000000
odom,0.025000,160,160,0.225000,-9.250000,0.000000,1.000000
odom,0.025000,160,160,0.225000,-9.250000,0.000000,1.000000
odom,0.025000,160,160,0.225000,-9.250000,0.000000,1.000000
odom,0.025000,160,160,0.225000,-9.250000,0.000000,1.000000
odom,0.025000,160,160,0.225000,-9.250000,0.000000,1.000000
odom,0.025000,160,160,0.225000,-9.250000,0.000000,1.000000
odom,0.025000,160,160,0.225000,-9.250000,0.000000,1.000000
odom,0.025000,160,160,0.225000,-9.225000,0.000000,1.000000
odom,0.025000,160,160,0.225000,-9.225000,0.000000,1.000000
odom,0.025000,160,160,0.225000,-9.225000,0.000000,1.000000
odom,0.025000,160,160,0.225000,-9.225000,0.000000,1.000000
odom,0.025000,160,160,0.225000,-9.225000,0.000000,1.000000
odom,0.025000,160,160,0.225000,-9.225000,0.000000,1.000000
odom,0.025000,160,160,0.225000,-9.225000,0.000000,1.000000
odom,0.025000,160,160,0.225000,-9.225000,0.000000,1.000000
odom,0.025000,160,160,0.225000,-9.225000,0.000000,1.000000
odom,0.025000,160,160,0.225000,-9.225000,0.000000,1.000000
odom,0.025000,160,160,0.225000,-9.225000,0.000000,1.000000
odom,0.025000,160,160,0.225000,-9.225000,0.000000,1.000000
odom,0.025000,160,160,0.225000,-9.225000,0.000000,1.000000
odom,0.025000,160,160,0.225000,-9.225000,0.000000,1.000000
odom,0.025000,160,160,0.225000,-9.225000,0.000000,1.000000
odom,0.025000,160,160,0.225000,-9.225000,0.000000,1.000000
odom,0.025000,160,160,0.225000,-9.225000,0.000000,1.000000
odom,0.025000,160,160,0.225000,-9.225000,0.000000,1.000000
odom,0.025000,160,160,0.225000,-9.225000,0.000000,1.000000
odom,0.025000,160,160,0.225000,-9.225000,0.000000,1.000000
odom,0.025000,160,160,0.225000,-9.225000,0.000000,1.000000
odom,0.025000,160,160,0.225000,-9.225000,0.000000,1.000000
odom,0.025000,160,160,0.225000,-9.250000,0.000000,1.000000
odom,0.025000,160,160,0.225000,-9.250000,0.000000,1.000000
odom,0.025000,160,160,0.225000,-9.250000,0.000000,1.000000
odom,0.025000,160,160,0.225000,-9.250000,0.000000,1.000000
odom,0.025000,160,160,0.225000,-9.250000,0.000000,1.000000
odom,0.025000,160,160,0.225000,-9.250000,0.000000,1.000000
odom,0.025000,160,160,0.225000,-9.250000,0.000000,1.000000
odom,0.025000,160,160,0.225000,-9.250000,0.000000,1.000000
odom,0.025000,160,160,0.225000,-9.250000,0.000000,1.000000
odom,0.025000,160,160,0.225000,-9.250000,0.000000,1.000000
odom,0.025000,160,160,0.225000,-9.250000,0.000000,1.000000
odom,0.025000,160,160,0.225000,-9.250000,0.000000,1.000000
odom,0.025000,160,160,0.225000,-9.250000,0.000000,1.000000
odom,0.025000,160,160,0.225000,-9.250000,0.000000,1.000000
odom,0.025000,160,160,0.225000,-9.250000,0.000000,1.000000
odom,0.025000,160,160,0.225000,-9.250000,0.000000,1.000000
odom,0.025000,160,160,0.225000,-9.250000,0.000000,1.000000
odom,0.025000,160,160,0.225000,-9.250000,0.000000,1.000000
odom,0.025000,160,160,0.225000,-9.250000,0.000000,1.000000
odom,0.025000,160,160,0.225000,-9.250000,0.000000,1.000000
odom,0.025000,160,160,0.225000,-9.250000,0.000000,1.000000
odom,0.025000,160,160,0.225000,-9.250000,0.000000,1.000000
odom,0.025000,160,160,0.225000,-9.250000,0.000000,1.000000
odom,0.025000,160,160,0.225000,-9.250000,0.000000,1.000000
odom,0.025000,160,160,0.225000,-9.250000,0.000000,1.000000
odom,0.025000,160,160,0.225000,-9.250000,0.000000,1.000000
odom,0.025000,160,160,0.225000,-9.250000,0.000000,1.000000
odom,0.025000,160,160,0.225000,-9.250000,0.000000,1.000000
odom,0.025000,160,160,0.225000,-9.250000,0.000000,1.000000
odom,0.025000,160,160,0.225000,-9.250000,0.000000,1.000000
odom,0.025000,160,160,0.225000,-9.250000,0.000000,1.000000
odom,0.025000,160,160,0.225000,-9.250000,0.000000,1.000000
odom,0.025000,160,160,0.225000,-9.275000,0.000000,1.000000
odom,0.025000,160,160,0.225000,-9.275000,0.000000,1.000000
odom,0.025000,160,160,0.225000,-9.275000,0.000000,1.000000
odom,0.025000,160,160,0.225000,-9.275000,0.000000,1.000000
odom,0.025000,160,160,0.225000,-9.275000,0.000000,1.000000
odom,0.025000,160,160,0.225000,-9.275000,0.000000,1.000000
odom,0.025000,160,160,0.225000,-9.275000,0.000000,1.000000
odom,0.025000,160,160,0.225000,-9.275000,0.000000,1.000000
odom,0.025000,160,160,0.225000,-9.275000,0.000000,1.000000
odom,0.025000,160,160,0.225000,-9.275000,0.000000,1.000000
odom,0.025000,160,160,0.225000,-9.275000,0.000000,1.000000
odom,0.025000,160,160,0.225000,-9.275000,0.000000,1.000000
odom,0.025000,160,160,0.225000,-9.275000,0.000000,1.000000
odom,0.025000,160,160,0.225000,-9.275000,0.000000,1.000000
odom,0.025000,160,160,0.225000,-9.275000,0.000000,1.000000
odom,0.025000,160,160,0.225000,-9.275000,0.000000,1.000000
odom,0.025000,160,160,0.225000,-9.275000,0.000000,1.000000
odom,0.025000,160,160,0.225000,-9.275000,0.000000,1.000000
odom,0.025000,160,160,0.225000,-9.275000,0.000000,1.000000
odom,0.025000,160,160,0.225000,-9.275000,0.000000,1.000000
odom,0.025000,160,160,0.225000,-9.275000,0.000000,1.000000
odom,0.025000,160,160,0.225000,-9.275000,0.000000,1.000000
odom,0.025000,160,160,0.225000,-9.250000,0.000000,1.000000
odom,0.025000,160,160,0.225000,-9.250000,0.000000,1.000000
odom,0.025000,160,160,0.225000,-9.250000,0.000000,1.000000
odom,0.025000,160,160,0.225000,-9.250000,0.000000,1.000000
odom,0.025000,160,160,0.225000,-9.250000,0.000000,1.000000
odom,0.025000,160,160,0.225000,-9.250000,0.000000,1.000000
odom,0.025000,160,160,0.225000,-9.250000,0.000000,1.000000
odom,0.025000,160,160,0.225000,-9.250000,0.000000,1.000000
odom,0.025000,160,160,0.225000,-9.250000,0.000000,1.000000
odom,0.025000,160,160,0.225000,-9.250000,0.000000,1.000000
odom,0.025000,160,160,0.225000,-9.250000,0.000000,1.000000
odom,0.025000,160,160,0.225000,-9.250000,0.000000,1.000000
odom,0.025000,160,160,0.225000,-9.250000,0.000000,1.000000
odom,0.025000,160,160,0.225000,-9.250000,0.000000,1.000000
odom,0.025000,160,160,0.225000,-9.250000,0.000000,1.000000
odom,0.025000,160,160,0.225000,-9.250000,0.000000,1.000000
odom,0.025000,160,160,0.225000,-9.250000,0.000000,1.000000
odom,0.025000,160,160,0.225000,-9.250000,0.000000,1.000000
odom,0.025000,160,160,0.225000,-9.250000,0.000000,1.000000
odom,0.025000,160,160,0.225000,-9.250000,0.000000,1.000000
odom,0.025000,160,160,0.225000,-9.250000,0.000000,1.000000
odom,0.025000,160,160,0.225000,-9.250000,0.000000,1.000000
odom,0.025000,160,160,0.225000,-9.250000,0.000000,1.000000
odom,0.025000,160,160,0.225000,-9.250000,0.000000,1.000000
odom,0.025000,160,160,0.225000,-9.250000,0.000000,1.000000
odom,0.025000,160,160,0.225000,-9.250000,0.000000,1.000000
odom,0.025000,160,160,0.225000,-9.250000,0.000000,1.000000
odom,0.025000,160,160,0.225000,-9.250000,0.000000,1.000000
odom,0.025000,160,160,0.225000,-9.250000,0.000000,1.000000
odom,0.025000,160,160,0.225000,-9.250000,0.000000,1.000000
odom,0.025000,160,160,0.225000,-9.250000,0.000000,1.000000
odom,0.025000,160,160,0.225000,-9.250000,0.000000,1.000000
odom,0.025000,160,160,0.225000,-9.250000,0.000000,1.000000
odom,0.025000,160,160,0.225000,-9.250000,0.000000,1.000000
odom,0.025000,160,160,0.225000,-9.250000,0.000000,1.000000
odom,0.025000,160,160,0.225000,-9.250000,0.000000,1.000000
odom,0.025000,160,160,0.225000,-9.250000,0.000000,1.000000
odom,0.025000,160,160,0.225000,-9.250000,0.000000,1.000000
odom,0.025000,160,160,0.225000,-9.250000,0.000000,1.000000
odom,0.025000,160,160,0.225000,-9.250000,0.000000,1.000000
odom,0.025000,160,160,0.225000,-9.250000,0.000000,1.000000
odom,0.025000,160,160,0.225000,-9.250000,0.000000,1.000000
odom,0.025000,160,160,0.200000,-9.300000,0.000000,1.000000
odom,0.025000,160,160,0.200000,-9.300000,0.000000,1.000000
odom,0.025000,160,160,0.200000,-9.300000,0.000000,1.000000
odom,0.025000,160,160,0.200000,-9.300000,0.000000,1.000000
odom,0.025000,160,160,0.200000,-9.300000,0.000000,1.000000
odom,0.025000,160,160,0.200000,-9.300000,0.000000,1.000000
odom,0.025000,160,160,0.200000,-9.300000,0.000000,1.000000
odom,0.025000,160,160,0.200000,-9.300000,0.000000,1.000000
odom,0.025000,160,160,0.200000,-9.300000,0.000000,1.000000
odom,0.025000,160,160,0.200000,-9.300000,0.000000,1.000000
odom,0.025000,160,160,0.200000,-9.300000,0.000000,1.000000
odom,0.025000,160,160,0.175000,-9.350000,0.000000,1.000000
odom,0.025000,160,160,0.175000,-9.350000,0.000000,1.000000
odom,0.025000,160,160,0.175000,-9.350000,0.000000,1.000000
odom,0.025000,160,160,0.175000,-9.350000,0.000000,1.000000
odom,0.025000,160,160,0.175000,-9.350000,0.000000,1.000000
odom,0.025000,160,160,0.175000,-9.350000,0.000000,1.000000
odom,0.025000,160,160,0.175000,-9.350000,0.000000,1.000000
odom,0.025000,160,160,0.175000,-9.350000,0.000000,1.000000
odom,0.025000,160,160,0.175000,-9.350000,0.000000,1.000000
odom,0.025000,160,160,0.175000,-9.350000,0.000000,1.000000
odom,0.025000,160,160,0.175000,-9.350000,0.000000,1.000000
odom,0.025000,160,160,0.200000,-9.325000,0.000000,1.000000
odom,0.025000,160,160,0.200000,-9.325000,0.000000,1.000000
odom,0.025000,160,160,0.200000,-9.325000,0.000000,1.000000
odom,0.025000,160,160,0.200000,-9.325000,0.000000,1.000000
odom,0.025000,160,160,0.200000,-9.325000,0.000000,1.000000
odom,0.025000,160,160,0.200000,-9.325000,0.000000,1.000000
odom,0.025000,160,160,0.200000,-9.325000,0.000000,1.000000
odom,0.025000,160,160,0.200000,-9.325000,0.000000,1.000000
odom,0.025000,160,160,0.200000,-9.325000,0.000000,1.000000
odom,0.025000,160,160,0.200000,-9.325000,0.000000,1.000000
odom,0.025000,160,160,0.200000,-9.325000,0.000000,1.000000
odom,0.025000,160,160,0.200000,-9.300000,0.000000,1.000000
odom,0.025000,160,160,0.200000,-9.300000,0.000000,1.000000
odom,0.025000,160,160,0.200000,-9.300000,0.000000,1.000000
odom,0.025000,160,160,0.200000,-9.300000,0.000000,1.000000
odom,0.025000,160,160,0.200000,-9.300000,0.000000,1.000000
odom,0.025000,160,160,0.200000,-9.300000,0.000000,1.000000
odom,0.025000,160,160,0.200000,-9.300000,0.000000,1.000000
odom,0.025000,160,160,0.200000,-9.300000,0.000000,1.000000
odom,0.025000,160,160,0.200000,-9.300000,0.000000,1.000000
odom,0.025000,160,160,0.200000,-9.300000,0.000000,1.000000
odom,0.025000,160,160,0.200000,-9.300000,0.000000,1.000000
odom,0.025000,160,160,0.200000,-9.300000,0.000000,1.000000
odom,0.025000,160,160,0.200000,-9.300000,0.000000,1.000000
odom,0.025000,160,160,0.200000,-9.300000,0.000000,1.000000
odom,0.025000,160,160,0.200000,-9.300000,0.000000,1.000000
odom,0.025000,160,160,0.200000,-9.300000,0.000000,1.000000
odom,0.025000,160,160,0.200000,-9.300000,0.000000,1.000000
odom,0.025000,160,160,0.200000,-9.300000,0.000000,1.000000
odom,0.025000,160,160,0.200000,-9.300000,0.000000,1.000000
odom,0.025000,160,160,0.200000,-9.300000,0.000000,1.000000
odom,0.025000,160,160,0.200000,-9.300000,0.000000,1.000000
odom,0.025000,160,160,0.200000,-9.325000,0.000000,1.000000
odom,0.025000,160,160,0.200000,-9.325000,0.000000,1.000000
odom,0.025000,160,160,0.200000,-9.325000,0.000000,1.000000
odom,0.025000,160,160,0.200000,-9.325000,0.000000,1.000000
odom,0.025000,160,160,0.200000,-9.325000,0.000000,1.000000
odom,0.025000,160,160,0.200000,-9.325000,0.000000,1.000000
odom,0.025000,160,160,0.200000,-9.325000,0.000000,1.000000
odom,0.025000,160,160,0.200000,-9.325000,0.000000,1.000000
odom,0.025000,160,160,0.200000,-9.325000,0.000000,1.000000
odom,0.025000,160,160,0.200000,-9.325000,0.000000,1.000000
odom,0.025000,160,160,-0.050000,-9.450000,0.000000,1.000000
odom,0.025000,160,160,-0.050000,-9.450000,0.000000,1.000000
odom,0.025000,160,160,-0.050000,-9.450000,0.000000,1.000000
odom,0.025000,160,160,-0.050000,-9.450000,0.000000,1.000000
odom,0.025000,160,160,-0.050000,-9.450000,0.000000,1.000000
odom,0.025000,160,160,-0.050000,-9.450000,0.000000,1.000000
odom,0.025000,160,160,-0.050000,-9.450000,0.000000,1.000000
odom,0.025000,160,160,-0.050000,-9.450000,0.000000,1.000000
odom,0.025000,160,160,-0.050000,-9.450000,0.000000,1.000000
odom,0.025000,160,160,-0.050000,-9.450000,0.000000,1.000000
odom,0.025000,160,160,-0.050000,-9.450000,0.000000,1.000000
odom,0.025000,160,160,-0.475000,-9.700000,0.000000,1.000000
odom,0.025000,160,160,-0.475000,-9.700000,0.000000,1.000000
odom,0.025000,160,160,-0.475000,-9.700000,0.000000,1.000000
odom,0.025000,160,160,-0.475000,-9.700000,0.000000,1.000000
odom,0.025000,160,160,-0.475000,-9.700000,0.000000,1.000000
odom,0.025000,160,160,-0.475000,-9.700000,0.000000,1.000000
odom,0.025000,160,160,-0.475000,-9.700000,0.000000,1.000000
odom,0.025000,160,160,-0.475000,-9.700000,0.000000,1.000000
odom,0.025000,160,160,-0.475000,-9.700000,0.000000,1.000000
odom,0.025000,160,160,-0.475000,-9.700000,0.000000,1.000000
odom,0.025000,160,160,-0.475000,-9.700000,0.000000,1.000000
odom,0.025000,160,160,-0.875000,-10.050000,0.000000,1.000000
odom,0.025000,160,160,-0.875000,-10.050000,0.000000,1.000000
odom,0.025000,160,160,-0.875000,-10.050000,0.000000,1.000000
odom,0.025000,160,160,-0.875000,-10.050000,0.000000,1.000000
odom,0.025000,160,160,-0.875000,-10.050000,0.000000,1.000000
odom,0.025000,160,160,-0.875000,-10.050000,0.000000,1.000000
odom,0.025000,160,160,-0.875000,-10.050000,0.000000,1.000000
odom,0.025000,160,160,-0.875000,-10.050000,0.000000,1.000000
odom,0.025000,160,160,-0.875000,-10.050000,0.000000,1.000000
odom,0.025000,160,160,-0.875000,-10.050000,0.000000,1.000000
odom,0.025000,160,160,-1.175000,-10.425000,0.000000,1.000000
odom,0.025000,160,160,-1.175000,-10.425000,0.000000,1.000000
odom,0.025000,160,160,-1.175000,-10.425000,0.000000,1.000000
odom,0.025000,160,160,-1.175000,-10.425000,0.000000,1.000000
odom,0.025000,160,160,-1.175000,-10.425000,0.000000,1.000000
odom,0.025000,160,160,-1.175000,-10.425000,0.000000,1.000000
odom,0.025000,160,160,-1.175000,-10.425000,0.000000,1.000000
odom,0.025000,160,160,-1.175000,-10.425000,0.000000,1.000000
odom,0.025000,160,160,-1.175000,-10.425000,0.000000,1.000000
odom,0.025000,160,160,-1.175000,-10.425000,0.000000,1.000000
odom,0.025000,160,160,-1.175000,-10.425000,0.000000,1.000000
odom,0.025000,160,160,-1.450000,-10.900000,0.000000,1.000000
odom,0.025000,160,160,-1.450000,-10.900000,0.000000,1.000000
odom,0.025000,160,160,-1.450000,-10.900000,0.000000,1.000000
odom,0.025000,160,160,-1.450000,-10.900000,0.000000,1.000000
odom,0.025000,160,160,-1.450000,-10.900000,0.000000,1.000000
odom,0.025000,160,160,-1.450000,-10.900000,0.000000,1.000000
odom,0.025000,160,160,-1.450000,-10.900000,0.000000,1.000000
odom,0.025000,160,160,-1.450000,-10.900000,0.000000,1.000000
odom,0.025000,160,160,-1.450000,-10.900000,0.000000,1.000000
odom,0.025000,160,160,-1.450000,-10.900000,0.000000,1.000000
odom,0.025000,160,160,-1.450000,-10.900000,0.000000,1.000000
odom,0.025000,160,160,-1.650000,-11.425000,0.000000,1.000000
odom,0.025000,160,160,-1.650000,-11.425000,0.000000,1.000000
odom,0.025000,160,160,-1.650000,-11.425000,0.000000,1.000000
odom,0.025000,160,160,-1.650000,-11.425000,0.000000,1.000000
odom,0.025000,160,160,-1.650000,-11.425000,0.000000,1.000000
odom,0.025000,160,160,-1.650000,-11.425000,0.000000,1.000000
odom,0.025000,160,160,-1.650000,-11.425000,0.000000,1.000000
odom,0.025000,160,160,-1.650000,-11.425000,0.000000,1.000000
odom,0.025000,160,160,-1.650000,-11.425000,0.000000,1.000000
odom,0.025000,160,160,-1.650000,-11.425000,0.000000,1.000000
odom,0.025000,160,160,-1.650000,-11.425000,0.000000,1.000000
odom,0.025000,160,160,-1.775000,-11.925000,0.000000,1.000000
odom,0.025000,160,160,-1.775000,-11.925000,0.000000,1.000000
odom,0.025000,160,160,-1.775000,-11.925000,0.000000,1.000000
odom,0.025000,160,160,-1.775000,-11.925000,0.000000,1.000000
odom,0.025000,160,160,-1.775000,-11.925000,0.000000,1.000000
odom,0.025000,160,160,-1.775000,-11.925000,0.000000,1.000000
odom,0.025000,160,160,-1.775000,-11.925000,0.000000,1.000000
odom,0.025000,160,160,-1.775000,-11.925000,0.000000,1.000000
odom,0.025000,160,160,-1.775000,-11.925000,0.000000,1.000000
odom,0.025000,160,160,-1.775000,-11.925000,0.000000,1.000000
odom,0.025000,160,160,-1.775000,-11.925000,0.000000,1.000000
odom,0.025000,160,160,-1.825000,-12.150000,0.000000,1.000000
odom,0.025000,160,160,-1.825000,-12.150000,0.000000,1.000000
odom,0.025000,160,160,-1.825000,-12.150000,0.000000,1.000000
odom,0.025000,160,160,-1.825000,-12.150000,0.000000,1.000000
odom,0.025000,160,160,-1.825000,-12.150000,0.000000,1.000000
odom,0.025000,160,160,-1.825000,-12.150000,0.000000,1.000000
odom,0.025000,160,160,-1.825000,-12.150000,0.000000,1.000000
odom,0.025000,160,160,-1.825000,-12.150000,0.000000,1.000000
odom,0.025000,160,160,-1.825000,-12.150000,0.000000,1.000000
odom,0.025000,160,160,-1.825000,-12.150000,0.000000,1.000000
odom,0.025000,160,160,-1.825000,-12.150000,0.000000,1.000000
odom,0.025000,160,160,-1.825000,-12.150000,0.000000,1.000000
odom,0.025000,160,160,-1.825000,-12.150000,0.000000,1.000000
odom,0.025000,160,160,-1.825000,-12.150000,0.000000,1.000000
odom,0.025000,160,160,-1.825000,-12.150000,0.000000,1.000000
odom,0.025000,160,160,-1.825000,-12.150000,0.000000,1.000000
odom,0.025000,160,160,-1.825000,-12.150000,0.000000,1.000000
odom,0.025000,160,160,-1.825000,-12.150000,0.000000,1.000000
odom,0.025000,160,160,-1.825000,-12.150000,0.000000,1.000000
odom,0.025000,160,160,-1.825000,-12.150000,0.000000,1.000000
odom,0.025000,160,160,-1.825000,-12.150000,0.000000,1.000000
odom,0.025000,160,160,-1.825000,-12.150000,0.000000,1.000000
odom,0.025000,160,160,-1.825000,-12.150000,0.000000,1.000000
odom,0.025000,160,160,-1.825000,-12.150000,0.000000,1.000000
odom,0.025000,160,160,-1.825000,-12.150000,0.000000,1.000000
odom,0.025000,160,160,-1.825000,-12.150000,0.000000,1.000000
odom,0.025000,160,160,-1.825000,-12.150000,0.000000,1.000000
odom,0.025000,160,160,-1.825000,-12.150000,0.000000,1.000000
odom,0.025000,160,160,-1.825000,-12.150000,0.000000,1.000000
odom,0.025000,160,160,-1.825000,-12.150000,0.000000,1.000000
odom,0.025000,160,160,-1.825000,-12.150000,0.000000,1.000000
odom,0.025000,160,160,-1.825000,-12.150000,0.000000,1.000000
odom,0.025000,160,160,-1.825000,-12.100000,0.000000,1.000000
odom,0.025000,160,160,-1.825000,-12.100000,0.000000,1.000000
odom,0.025000,160,160,-1.825000,-12.100000,0.000000,1.000000
odom,0.025000,160,160,-1.825000,-12.100000,0.000000,1.000000
odom,0.025000,160,160,-1.825000,-12.100000,0.000000,1.000000
odom,0.025000,160,160,-1.825000,-12.100000,0.000000,1.000000
odom,0.025000,160,160,-1.825000,-12.100000,0.000000,1.000000
odom,0.025000,160,160,-1.825000,-12.100000,0.000000,1.000000
odom,0.025000,160,160,-1.825000,-12.100000,0.000000,1.000000
odom,0.025000,160,160,-1.825000,-12.100000,0.000000,1.000000
odom,0.025000,160,160,-1.825000,-12.100000,0.000000,1.000000
odom,0.025000,160,160,-1.825000,-12.075000,0.000000,1.000000
odom,0.025000,160,160,-1.825000,-12.075000,0.000000,1.000000
odom,0.025000,160,160,-1.825000,-12.075000,0.000000,1.000000
odom,0.025000,160,160,-1.825000,-12.075000,0.000000,1.000000
odom,0.025000,160,160,-1.825000,-12.075000,0.000000,1.000000
odom,0.025000,160,160,-1.825000,-12.075000,0.000000,1.000000
odom,0.025000,160,160,-1.825000,-12.075000,0.000000,1.000000
odom,0.025000,160,160,-1.825000,-12.075000,0.000000,1.000000
odom,0.025000,160,160,-1.825000,-12.075000,0.000000,1.000000
odom,0.025000,160,160,-1.825000,-12.075000,0.000000,1.000000
odom,0.025000,160,160,-1.825000,-12.075000,0.000000,1.000000
odom,0.025000,160,160,-1.800000,-12.100000,0.000000,1.000000
odom,0.025000,160,160,-1.800000,-12.100000,0.000000,1.000000
odom,0.025000,160,160,-1.800000,-12.100000,0.000000,1.000000
odom,0.025000,160,160,-1.800000,-12.100000,0.000000,1.000000
odom,0.025000,160,160,-1.800000,-12.100000,0.000000,1.000000
odom,0.025000,160,160,-1.800000,-12.100000,0.000000,1.000000
odom,0.025000,160,160,-1.800000,-12.100000,0.000000,1.000000
odom,0.025000,160,160,-1.800000,-12.100000,0.000000,1.000000
odom,0.025000,160,160,-1.800000,-12.100000,0.000000,1.000000
odom,0.025000,160,160,-1.800000,-12.100000,0.000000,1.000000
odom,0.025000,160,160,-1.800000,-12.100000,0.000000,1.000000
odom,0.025000,160,160,-1.425000,-12.275000,0.000000,1.000000
odom,0.025000,160,160,-1.425000,-12.275000,0.000000,1.000000
odom,0.025000,160,160,-1.425000,-12.275000,0.000000,1.000000
odom,0.025000,160,160,-1.425000,-12.275000,0.000000,1.000000
odom,0.025000,160,160,-1.425000,-12.275000,0.000000,1.000000
odom,0.025000,160,160,-1.425000,-12.275000,0.000000,1.000000
odom,0.025000,160,160,-1.425000,-12.275000,0.000000,1.000000
odom,0.025000,160,160,-1.425000,-12.275000,0.000000,1.000000
odom,0.025000,160,160,-1.425000,-12.275000,0.000000,1.000000
odom,0.025000,160,160,-1.425000,-12.275000,0.000000,1.000000
odom,0.025000,160,160,-0.975000,-12.425000,0.000000,1.000000
odom,0.025000,160,160,-0.975000,-12.425000,0.000000,1.000000
odom,0.025000,160,160,-0.975000,-12.425000,0.000000,1.000000
odom,0.025000,160,160,-0.975000,-12.425000,0.000000,1.000000
odom,0.025000,160,160,-0.975000,-12.425000,0.000000,1.000000
odom,0.025000,160,160,-0.975000,-12.425000,0.000000,1.000000
odom,0.025000,160,160,-0.975000,-12.425000,0.000000,1.000000
odom,0.025000,160,160,-0.975000,-12.425000,0.000000,1.000000
odom,0.025000,160,160,-0.975000,-12.425000,0.000000,1.000000
odom,0.025000,160,160,-0.975000,-12.425000,0.000000,1.000000
odom,0.025000,160,160,-0.975000,-12.425000,0.000000,1.000000
odom,0.025000,160,160,-0.650000,-12.775000,0.000000,1.000000
odom,0.025000,160,160,-0.650000,-12.775000,0.000000,1.000000
odom,0.025000,160,160,-0.650000,-12.775000,0.000000,1.000000
odom,0.025000,160,160,-0.650000,-12.775000,0.000000,1.000000
odom,0.025000,160,160,-0.650000,-12.775000,0.000000,1.000000
odom,0.025000,160,160,-0.650000,-12.775000,0.000000,1.000000
odom,0.025000,160,160,-0.650000,-12.775000,0.000000,1.000000
odom,0.025000,160,160,-0.650000,-12.775000,0.000000,1.000000
odom,0.025000,160,160,-0.650000,-12.775000,0.000000,1.000000
odom,0.025000,160,160,-0.650000,-12.775000,0.000000,1.000000
odom,0.025000,160,160,-0.650000,-12.775000,0.000000,1.000000
odom,0.025000,160,160,-0.575000,-13.200000,0.000000,1.000000
odom,0.025000,160,160,-0.575000,-13.200000,0.000000,1.000000
odom,0.025000,160,160,-0.575000,-13.200000,0.000000,1.000000
odom,0.025000,160,160,-0.575000,-13.200000,0.000000,1.000000
odom,0.025000,160,160,-0.575000,-13.200000,0.000000,1.000000
odom,0.025000,160,160,-0.575000,-13.200000,0.000000,1.000000
odom,0.025000,160,160,-0.575000,-13.200000,0.000000,1.000000
odom,0.025000,160,160,-0.575000,-13.200000,0.000000,1.000000
odom,0.025000,160,160,-0.575000,-13.200000,0.000000,1.000000
odom,0.025000,160,160,-0.575000,-13.200000,0.000000,1.000000
odom,0.025000,160,160,-0.725000,-13.625000,0.000000,1.000000
odom,0.025000,160,160,-0.725000,-13.625000,0.000000,1.000000
odom,0.025000,160,160,-0.725000,-13.625000,0.000000,1.000000
odom,0.025000,160,160,-0.725000,-13.625000,0.000000,1.000000
odom,0.025000,160,160,-0.725000,-13.625000,0.000000,1.000000
odom,0.025000,160,160,-0.725000,-13.625000,0.000000,1.000000
odom,0.025000,160,160,-0.725000,-13.625000,0.000000,1.000000
odom,0.025000,160,160,-0.725000,-13.625000,0.000000,1.000000
odom,0.025000,160,160,-0.725000,-13.625000,0.000000,1.000000
odom,0.025000,160,160,-0.725000,-13.625000,0.000000,1.000000
odom,0.025000,160,160,-1.025000,-13.950000,0.000000,1.000000
odom,0.025000,160,160,-1.025000,-13.950000,0.000000,1.000000
odom,0.025000,160,160,-1.025000,-13.950000,0.000000,1.000000
odom,0.025000,160,160,-1.025000,-13.950000,0.000000,1.000000
odom,0.025000,160,160,-1.025000,-13.950000,0.000000,1.000000
odom,0.025000,160,160,-1.025000,-13.950000,0.000000,1.000000
odom,0.025000,160,160,-1.025000,-13.950000,0.000000,1.000000
odom,0.025000,160,160,-1.025000,-13.950000,0.000000,1.000000
odom,0.025000,160,160,-1.025000,-13.950000,0.000000,1.000000
odom,0.025000,160,160,-1.025000,-13.950000,0.000000,1.000000
odom,0.025000,160,160,-1.025000,-13.950000,0.000000,1.000000
odom,0.025000,160,160,-1.200000,-14.175000,0.000000,1.000000
odom,0.025000,160,160,-1.200000,-14.175000,0.000000,1.000000
