frame,child_frame,odom_position_x,odom_position_y,odom_orientation_z,odom_orientation_w,odom_linear_x,odom_angular_z
/odom,/base_footprint,0.888476,-11.172349,-0.744589,-0.667524,0.000024,0.000013
/odom,/base_footprint,0.888476,-11.172347,-0.744589,-0.667523,0.000022,0.000026
/odom,/base_footprint,0.888147,-11.169416,-0.746564,-0.665313,0.065943,0.138906
/odom,/base_footprint,0.887150,-11.161345,-0.751688,-0.659519,0.132813,0.237312
/odom,/base_footprint,0.885112,-11.147215,-0.760079,-0.649831,0.212678,0.386339
/odom,/base_footprint,0.877557,-11.107838,-0.780720,-0.624881,0.345075,0.503682
/odom,/base_footprint,0.870421,-11.078869,-0.793065,-0.609136,0.405774,0.498136
/odom,/base_footprint,0.860961,-11.046106,-0.805021,-0.593247,0.452109,0.496373
/odom,/base_footprint,0.838657,-10.982006,-0.824020,-0.566561,0.497695,0.433674
/odom,/base_footprint,0.823723,-10.944896,-0.832734,-0.553674,0.499761,0.324730
/odom,/base_footprint,0.807886,-10.908229,-0.838029,-0.545625,0.499702,0.200484
/odom,/base_footprint,0.787176,-10.862670,-0.843818,-0.536629,0.500316,0.265208
/odom,/base_footprint,0.765323,-10.817739,-0.851412,-0.524497,0.499707,0.236668
/odom,/base_footprint,0.733208,-10.755487,-0.855082,-0.518493,0.500131,0.010799
/odom,/base_footprint,0.714742,-10.720019,-0.854326,-0.519738,0.499919,-0.100074
/odom,/base_footprint,0.692232,-10.675561,-0.848693,-0.528885,0.497152,-0.303191
/odom,/base_footprint,0.671015,-10.630452,-0.839202,-0.543819,0.499242,-0.429062
/odom,/base_footprint,0.648094,-10.575002,-0.823554,-0.567239,0.500343,-0.418118
/odom,/base_footprint,0.631608,-10.528749,-0.810129,-0.586251,0.488297,-0.511899
/odom,/base_footprint,0.619970,-10.490876,-0.798817,-0.601574,0.497599,-0.435118
/odom,/base_footprint,0.607239,-10.442599,-0.785142,-0.619316,0.501435,-0.466137
/odom,/base_footprint,0.594933,-10.383826,-0.766776,-0.641915,0.499019,-0.499168
/odom,/base_footprint,0.588665,-10.344360,-0.754512,-0.656286,0.500231,-0.451370
/odom,/base_footprint,0.582065,-10.285090,-0.734907,-0.678168,0.494855,-0.537295
/odom,/base_footprint,0.579370,-10.235371,-0.717222,-0.696845,0.498885,-0.501807
/odom,/base_footprint,0.579133,-10.185356,-0.700695,-0.713461,0.500749,-0.445651
/odom,/base_footprint,0.580546,-10.145374,-0.688759,-0.724991,0.499520,-0.358691
/odom,/base_footprint,0.583800,-10.095521,-0.679858,-0.733344,0.499964,-0.150219
/odom,/base_footprint,0.588643,-10.035718,-0.677437,-0.735581,0.499717,0.043074
/odom,/base_footprint,0.591780,-9.995864,-0.680802,-0.732468,0.499809,0.172527
/odom,/base_footprint,0.595574,-9.935973,-0.686912,-0.726741,0.500258,0.068871
/odom,/base_footprint,0.598304,-9.886037,-0.687149,-0.726516,0.500097,-0.076980
/odom,/base_footprint,0.600673,-9.846102,-0.684582,-0.728936,0.500019,-0.085266
/odom,/base_footprint,0.604647,-9.786310,-0.683223,-0.730210,0.499005,0.066459
/odom,/base_footprint,0.607612,-9.736444,-0.689506,-0.724280,0.499681,0.247306
/odom,/base_footprint,0.609206,-9.696473,-0.695631,-0.718399,0.500319,0.150737
/odom,/base_footprint,0.610570,-9.646463,-0.698402,-0.715706,0.500073,0.006824
/odom,/base_footprint,0.612203,-9.586482,-0.695124,-0.718889,0.500243,-0.174567
/odom,/base_footprint,0.613904,-9.546497,-0.688084,-0.725631,0.500237,-0.294681
/odom,/base_footprint,0.617277,-9.496615,-0.678234,-0.734846,0.499730,-0.206438
/odom,/base_footprint,0.622704,-9.436879,-0.671384,-0.741110,0.499984,-0.106407
/odom,/base_footprint,0.626777,-9.397087,-0.669493,-0.742818,0.499839,-0.001427
/odom,/base_footprint,0.631850,-9.347364,-0.671885,-0.740655,0.499834,0.139372
/odom,/base_footprint,0.636945,-9.287596,-0.682275,-0.731095,0.499849,0.334017
/odom,/base_footprint,0.639095,-9.247667,-0.694038,-0.719939,0.499848,0.468228
/odom,/base_footprint,0.639641,-9.187671,-0.712417,-0.701756,0.500310,0.335652
/odom,/base_footprint,0.638217,-9.137664,-0.720731,-0.693215,0.500173,0.169317
/odom,/base_footprint,0.636422,-9.097703,-0.724558,-0.689214,0.500002,0.115909
/odom,/base_footprint,0.632948,-9.037809,-0.730714,-0.682684,0.499861,0.187472
/odom,/base_footprint,0.629017,-8.987975,-0.738570,-0.674177,0.499935,0.261866
/odom,/base_footprint,0.624921,-8.948187,-0.746841,-0.665003,0.499924,0.373766
/odom,/base_footprint,0.616559,-8.888783,-0.762604,-0.646866,0.500061,0.398402
/odom,/base_footprint,0.607348,-8.839643,-0.776997,-0.629504,0.499815,0.501666
/odom,/base_footprint,0.598268,-8.800697,-0.789460,-0.613802,0.500034,0.500125
/odom,/base_footprint,0.582626,-8.745707,-0.805871,-0.592091,0.434442,0.363517
/odom,/base_footprint,0.570552,-8.709063,-0.814231,-0.580541,0.336975,0.224575
/odom,/base_footprint,0.561294,-8.682887,-0.818196,-0.574939,0.234507,0.053010
/odom,/base_footprint,0.556162,-8.668698,-0.819309,-0.573352,0.152614,0.099951
/odom,/base_footprint,0.552503,-8.658916,-0.827297,-0.561764,0.032458,0.348399
/odom,/base_footprint,0.553339,-8.660805,-0.839707,-0.543040,-0.066439,0.514544
/odom,/base_footprint,0.555832,-8.666083,-0.850089,-0.526639,-0.051285,0.426507
/odom,/base_footprint,0.558163,-8.670508,-0.860083,-0.510155,-0.068341,0.284323
/odom,/base_footprint,0.561667,-8.676734,-0.866373,-0.499397,-0.104016,0.368962
/odom,/base_footprint,0.570294,-8.690560,-0.883129,-0.469131,-0.109767,0.531501
/odom,/base_footprint,0.575695,-8.698194,-0.892770,-0.450512,-0.123290,0.520393
/odom,/base_footprint,0.581876,-8.706210,-0.901886,-0.431974,-0.126253,0.512999
/odom,/base_footprint,0.593214,-8.719318,-0.916785,-0.399382,-0.123048,0.511378
/odom,/base_footprint,0.599828,-8.726149,-0.924775,-0.380515,-0.116733,0.512489
/odom,/base_footprint,0.606126,-8.732146,-0.932399,-0.361430,-0.098086,0.514761
/odom,/base_footprint,0.613652,-8.738661,-0.941381,-0.337344,-0.103743,0.511985
/odom,/base_footprint,0.622349,-8.745406,-0.951402,-0.307950,-0.073141,0.523388
/odom,/base_footprint,0.627599,-8.749031,-0.957588,-0.288140,-0.089054,0.514322
/odom,/base_footprint,0.635438,-8.753923,-0.964666,-0.263475,-0.101932,0.510596
/odom,/base_footprint,0.645239,-8.759336,-0.972312,-0.233687,-0.078903,0.515641
/odom,/base_footprint,0.650754,-8.762009,-0.976915,-0.213626,-0.075175,0.513571
/odom,/base_footprint,0.660826,-8.766199,-0.983948,-0.178454,-0.079615,0.511818
/odom,/base_footprint,0.666377,-8.768153,-0.987407,-0.158203,-0.071885,0.514110
/odom,/base_footprint,0.671505,-8.769728,-0.990453,-0.137848,-0.063763,0.514538
/odom,/base_footprint,0.677761,-8.771315,-0.994247,-0.107115,-0.044085,0.517277
/odom,/base_footprint,0.681844,-8.772108,-0.996239,-0.086646,-0.065281,0.510641
/odom,/base_footprint,0.686741,-8.772867,-0.997807,-0.066197,-0.053410,0.516359
/odom,/base_footprint,0.694048,-8.773583,-0.999543,-0.030228,-0.046132,0.513017
/odom,/base_footprint,0.697122,-8.773711,-0.999954,-0.009563,-0.032365,0.519405
/odom,/base_footprint,0.701127,-8.773665,-0.999769,0.021476,-0.030996,0.516077
/odom,/base_footprint,0.706451,-8.773253,-0.998626,0.052395,-0.052706,0.514945
/odom,/base_footprint,0.708315,-8.773040,-0.998033,0.062687,-0.037694,0.516071
/odom,/base_footprint,0.712696,-8.772334,-0.995128,0.098588,-0.027369,0.514180
/odom,/base_footprint,0.714483,-8.771941,-0.992864,0.119249,-0.019803,0.524382
/odom,/base_footprint,0.716474,-8.771396,-0.988631,0.150364,-0.013272,0.522432
/odom,/base_footprint,0.717599,-8.771017,-0.985279,0.170952,-0.016580,0.520403
/odom,/base_footprint,0.719825,-8.770129,-0.978420,0.206628,-0.016317,0.518504
/odom,/base_footprint,0.720963,-8.769598,-0.973923,0.226879,-0.015857,0.518613
/odom,/base_footprint,0.722099,-8.769009,-0.969014,0.247005,-0.015900,0.517357
/odom,/base_footprint,0.723940,-8.767918,-0.959456,0.281859,-0.015152,0.515445
/odom,/base_footprint,0.724939,-8.767246,-0.953457,0.301529,-0.014964,0.513744
/odom,/base_footprint,0.725791,-8.766622,-0.947068,0.321034,-0.012184,0.512459
/odom,/base_footprint,0.726699,-8.765889,-0.938546,0.345154,-0.011128,0.510896
/odom,/base_footprint,0.727455,-8.765212,-0.927450,0.373947,-0.006301,0.517898
/odom,/base_footprint,0.727757,-8.764909,-0.919534,0.393011,-0.004523,0.514271
/odom,/base_footprint,0.727428,-8.765296,-0.906925,0.421293,0.010911,0.517307
/odom,/base_footprint,0.727191,-8.765582,-0.895769,0.444520,0.000512,0.514483
/odom,/base_footprint,0.727277,-8.765461,-0.886461,0.462804,-0.004406,0.511843
/odom,/base_footprint,0.726457,-8.766787,-0.871864,0.489748,0.039939,0.509666
/odom,/base_footprint,0.723161,-8.772587,-0.859012,0.511955,0.095708,0.514171
/odom,/base_footprint,0.719212,-8.780278,-0.848321,0.529482,0.120405,0.511822
/odom,/base_footprint,0.714031,-8.791608,-0.834503,0.551003,0.127171,0.510825
/odom,/base_footprint,0.708633,-8.805387,-0.817200,0.576354,0.121323,0.512105
/odom,/base_footprint,0.705566,-8.814588,-0.805270,0.592909,0.120895,0.508981
/odom,/base_footprint,0.701653,-8.828680,-0.786775,0.617239,0.122858,0.510094
/odom,/base_footprint,0.699010,-8.840797,-0.770801,0.637076,0.124302,0.509131
/odom,/base_footprint,0.697394,-8.850249,-0.757611,0.652706,0.117387,0.512797
/odom,/base_footprint,0.695850,-8.863190,-0.737170,0.675707,0.101955,0.512857
/odom,/base_footprint,0.695257,-8.872783,-0.719663,0.694323,0.093907,0.510450
/odom,/base_footprint,0.695144,-8.879977,-0.705295,0.708914,0.088186,0.512904
/odom,/base_footprint,0.695407,-8.888600,-0.686927,0.726727,0.084660,0.510726
/odom,/base_footprint,0.696281,-8.898643,-0.664372,0.747402,0.083892,0.509531
/odom,/base_footprint,0.697186,-8.905163,-0.648958,0.760824,0.081554,0.511839
/odom,/base_footprint,0.698669,-8.913139,-0.629312,0.777153,0.080916,0.510089
/odom,/base_footprint,0.700886,-8.922214,-0.605161,0.796103,0.075787,0.512944
/odom,/base_footprint,0.702653,-8.928104,-0.588758,0.808309,0.077061,0.510066
/odom,/base_footprint,0.704569,-8.933668,-0.572093,0.820189,0.068863,0.513833
/odom,/base_footprint,0.708276,-8.942719,-0.542308,0.840180,0.069649,0.510501
/odom,/base_footprint,0.710424,-8.947235,-0.524964,0.851124,0.057924,0.514494
/odom,/base_footprint,0.712500,-8.951171,-0.507383,0.861721,0.051706,0.511423
/odom,/base_footprint,0.715778,-8.956633,-0.476127,0.879377,0.041663,0.515117
/odom,/base_footprint,0.717498,-8.959156,-0.457993,0.888956,0.035785,0.511228
/odom,/base_footprint,0.719443,-8.961748,-0.435157,0.900354,0.030661,0.510138
/odom,/base_footprint,0.721109,-8.963753,-0.411994,0.911187,0.020561,0.512800
/odom,/base_footprint,0.721895,-8.964616,-0.383821,0.923408,0.002140,0.511479
/odom,/base_footprint,0.722068,-8.964781,-0.360133,0.932901,0.001663,0.509857
/odom,/base_footprint,0.722047,-8.964765,-0.340982,0.940070,-0.000634,0.512231
/odom,/base_footprint,0.722024,-8.964746,-0.311978,0.950089,-0.001016,0.510610
/odom,/base_footprint,0.723862,-8.966000,-0.287568,0.957760,0.040088,0.511636
/odom,/base_footprint,0.726464,-8.967642,-0.267890,0.963450,0.039809,0.512442
/odom,/base_footprint,0.729405,-8.969322,-0.243118,0.969997,0.026588,0.511881
/odom,/base_footprint,0.734138,-8.971632,-0.213154,0.977019,0.064274,0.513620
/odom,/base_footprint,0.738858,-8.973678,-0.193052,0.981189,0.065779,0.512895
/odom,/base_footprint,0.745136,-8.976062,-0.167868,0.985809,0.066091,0.510678
/odom,/base_footprint,0.751354,-8.978065,-0.142652,0.989773,0.066821,0.511001
/odom,/base_footprint,0.761234,-8.980614,-0.112157,0.993690,0.103930,0.512394
/odom,/base_footprint,0.770999,-8.982619,-0.091732,0.995784,0.150701,0.513733
/odom,/base_footprint,0.786525,-8.985088,-0.066152,0.997810,0.161324,0.511853
/odom,/base_footprint,0.806317,-8.987102,-0.035471,0.999371,0.168284,0.512082
/odom,/base_footprint,0.820190,-8.987801,-0.015001,0.999887,0.175953,0.511709
/odom,/base_footprint,0.837883,-8.987877,0.010624,0.999944,0.177497,0.513322
/odom,/base_footprint,0.856046,-8.987020,0.036228,0.999344,0.184947,0.511434
/odom,/base_footprint,0.880221,-8.984488,0.066819,0.997765,0.218588,0.509489
/odom,/base_footprint,0.903173,-8.980788,0.092400,0.995722,0.240010,0.514812
/odom,/base_footprint,0.922389,-8.976779,0.112812,0.993616,0.246683,0.511803
/odom,/base_footprint,0.946287,-8.970634,0.138203,0.990404,0.247513,0.512219
/odom,/base_footprint,0.971841,-8.962545,0.168967,0.985622,0.189248,0.523597
/odom,/base_footprint,0.985187,-8.957522,0.189387,0.981902,0.170789,0.516575
/odom,/base_footprint,0.999983,-8.951156,0.214598,0.976702,0.157647,0.514772
/odom,/base_footprint,1.016791,-8.942760,0.244616,0.969620,0.153242,0.512866
/odom,/base_footprint,1.027465,-8.936723,0.264419,0.964408,0.154321,0.511799
/odom,/base_footprint,1.043202,-8.926725,0.293995,0.955807,0.154740,0.513990
/odom,/base_footprint,1.055861,-8.917640,0.318421,0.947949,0.156493,0.513110
/odom,/base_footprint,1.066120,-8.909532,0.337774,0.941227,0.165918,0.511667
/odom,/base_footprint,1.079992,-8.897458,0.361825,0.932246,0.216983,0.514461
/odom,/base_footprint,1.100807,-8.877170,0.390351,0.920666,0.264945,0.512288
/odom,/base_footprint,1.116014,-8.860777,0.409174,0.912456,0.287318,0.512887
/odom,/base_footprint,1.134778,-8.838584,0.432455,0.901656,0.294377,0.513444
/odom,/base_footprint,1.156513,-8.809715,0.460005,0.887916,0.304115,0.512598
/odom,/base_footprint,1.170586,-8.788883,0.478053,0.878331,0.319715,0.510034
/odom,/base_footprint,1.187455,-8.761261,0.500394,0.865798,0.326524,0.514158
/odom,/base_footprint,1.200256,-8.737937,0.518049,0.855351,0.339768,0.511161
/odom,/base_footprint,1.222010,-8.692284,0.548257,0.836310,0.397041,0.508556
/odom,/base_footprint,1.234441,-8.662017,0.565139,0.824996,0.416525,0.507969
/odom,/base_footprint,1.246161,-8.629807,0.581833,0.813309,0.444496,0.509866
/odom,/base_footprint,1.264365,-8.569452,0.610375,0.792113,0.459390,0.507545
/odom,/base_footprint,1.273188,-8.532978,0.626324,0.779563,0.471673,0.506772
/odom,/base_footprint,1.283893,-8.476257,0.649689,0.760200,0.488090,0.505349
/odom,/base_footprint,1.289265,-8.437052,0.664891,0.746940,0.496988,0.503846
/odom,/base_footprint,1.293790,-8.387414,0.683461,0.729987,0.499339,0.502114
/odom,/base_footprint,1.295925,-8.327450,0.705233,0.708976,0.500443,0.505526
/odom,/base_footprint,1.295331,-8.287454,0.719347,0.694651,0.499779,0.501511
/odom,/base_footprint,1.291434,-8.227589,0.739909,0.672707,0.500238,0.501179
/odom,/base_footprint,1.285443,-8.177946,0.756510,0.653982,0.499937,0.500319
/odom,/base_footprint,1.278868,-8.138494,0.769446,0.638712,0.500070,0.500314
/odom,/base_footprint,1.270718,-8.099327,0.782062,0.623201,0.500133,0.499056
/odom,/base_footprint,1.252718,-8.031691,0.803365,0.595487,0.500061,0.499474
/odom,/base_footprint,1.240323,-7.993656,0.815099,0.579322,0.500053,0.499345
/odom,/base_footprint,1.226421,-7.956150,0.826503,0.562932,0.500020,0.499036
/odom,/base_footprint,1.198587,-7.891923,0.844589,0.535415,0.500160,0.433862
/odom,/base_footprint,1.180922,-7.856027,0.852902,0.522072,0.500141,0.336522
/odom,/base_footprint,1.157487,-7.811848,0.860309,0.509773,0.500162,0.212624
/odom,/base_footprint,1.128202,-7.759459,0.863784,0.503862,0.500168,0.024763
/odom,/base_footprint,1.103591,-7.715927,0.863505,0.504341,0.500019,-0.025938
/odom,/base_footprint,1.083968,-7.681076,0.863187,0.504884,0.499934,-0.010789
/odom,/base_footprint,1.054598,-7.628753,0.862727,0.505669,0.500030,-0.018108
/odom,/base_footprint,1.030237,-7.585088,0.861794,0.507258,0.500000,-0.045207
/odom,/base_footprint,1.010898,-7.550072,0.860575,0.509324,0.500045,-0.068225
/odom,/base_footprint,0.986973,-7.506169,0.859223,0.511602,0.499925,-0.036319
/odom,/base_footprint,0.958481,-7.453368,0.858332,0.513095,0.500031,-0.025031
/odom,/base_footprint,0.939572,-7.418120,0.857937,0.513755,0.499967,-0.016345
/odom,/base_footprint,0.920703,-7.382854,0.857984,0.513676,0.499939,0.047625
/odom,/base_footprint,0.887226,-7.321387,0.860827,0.508898,0.500234,-0.009653
/odom,/base_footprint,0.867935,-7.286330,0.861282,0.508127,0.499916,0.085471
/odom,/base_footprint,0.848409,-7.251451,0.864489,0.502652,0.499657,0.215580
/odom,/base_footprint,0.812717,-7.191230,0.872604,0.488428,0.500224,0.179955
/odom,/base_footprint,0.791575,-7.157268,0.875665,0.482920,0.500003,0.144629
/odom,/base_footprint,0.770043,-7.123562,0.878308,0.478095,0.500041,0.128407
/odom,/base_footprint,0.731593,-7.065054,0.880952,0.473205,0.500163,-0.022282
/odom,/base_footprint,0.709581,-7.031640,0.879349,0.476178,0.500180,-0.151070
/odom,/base_footprint,0.687958,-6.997980,0.876081,0.482164,0.499916,-0.129342
/odom,/base_footprint,0.650939,-6.938581,0.871798,0.489865,0.500336,-0.208781
/odom,/base_footprint,0.630391,-6.904244,0.868409,0.495848,0.499869,-0.117198
/odom,/base_footprint,0.610229,-6.869724,0.865998,0.500047,0.499854,-0.142119
/odom,/base_footprint,0.575773,-6.808783,0.862489,0.506076,0.499713,-0.001109
/odom,/base_footprint,0.556230,-6.773910,0.863559,0.504247,0.499809,0.116543
/odom,/base_footprint,0.536361,-6.739195,0.866868,0.498537,0.500057,0.202423
/odom,/base_footprint,0.500341,-6.679173,0.872830,0.488025,0.500207,0.116453
/odom,/base_footprint,0.479264,-6.645162,0.874177,0.485607,0.500142,0.005006
/odom,/base_footprint,0.458181,-6.611160,0.873023,0.487678,0.500075,-0.113415
/odom,/base_footprint,0.421969,-6.551257,0.869893,0.493241,0.499731,0.005340
/odom,/base_footprint,0.406551,-6.525537,0.870543,0.492092,0.499831,0.086569
/odom,/base_footprint,0.369932,-6.465877,0.874007,0.485914,0.500228,0.002225
/odom,/base_footprint,0.348822,-6.431888,0.874270,0.485440,0.499889,0.073079
/odom,/base_footprint,0.322094,-6.389669,0.878385,0.477953,0.499756,0.220721
/odom,/base_footprint,0.288842,-6.339715,0.884547,0.466452,0.500079,0.214886
/odom,/base_footprint,0.265997,-6.306882,0.887755,0.460317,0.500051,0.127707
/odom,/base_footprint,0.236949,-6.266170,0.890132,0.455703,0.500139,0.085036
/odom,/base_footprint,0.201681,-6.217629,0.891442,0.453135,0.500082,0.013264
/odom,/base_footprint,0.178067,-6.185340,0.892159,0.451721,0.499948,0.056968
/odom,/base_footprint,0.148354,-6.145136,0.893573,0.448917,0.499982,0.066366
/odom,/base_footprint,0.124396,-6.113097,0.894458,0.447152,0.500096,0.019987
/odom,/base_footprint,0.088329,-6.065147,0.895210,0.445644,0.499891,0.045574
/odom,/base_footprint,0.052062,-6.017347,0.895912,0.444232,0.500109,0.012205
/odom,/base_footprint,0.034069,-5.993686,0.895791,0.444475,0.493306,-0.029912
/odom,/base_footprint,-0.001149,-5.947097,0.894578,0.446913,0.479643,-0.059892
/odom,/base_footprint,-0.034630,-5.902186,0.892977,0.450103,0.459205,-0.059080
/odom,/base_footprint,-0.061309,-5.866000,0.892419,0.451207,0.446793,-0.007948
/odom,/base_footprint,-0.081662,-5.838369,0.892678,0.450695,0.419628,0.026882
/odom,/base_footprint,-0.105647,-5.805972,0.893508,0.449048,0.385043,0.045506
/odom,/base_footprint,-0.127795,-5.776307,0.894282,0.447505,0.356796,0.026462
/odom,/base_footprint,-0.152232,-5.743820,0.895381,0.445302,0.325989,0.051127
/odom,/base_footprint,-0.163506,-5.728976,0.896291,0.443466,0.296721,0.082525
/odom,/base_footprint,-0.183876,-5.702521,0.897797,0.440410,0.238110,0.005706
/odom,/base_footprint,-0.200855,-5.680593,0.897894,0.440211,-0.000152,-0.000249
/odom,/base_footprint,-0.200847,-5.680603,0.897891,0.440219,-0.000034,-0.000113
/odom,/base_footprint,-0.201411,-5.679876,0.898259,0.439467,0.035654,0.068606
/odom,/base_footprint,-0.208020,-5.671633,0.905005,0.425401,0.107656,0.353420
/odom,/base_footprint,-0.211836,-5.667130,0.910048,0.414503,0.092706,0.446256
/odom,/base_footprint,-0.220174,-5.658177,0.924080,0.382200,0.082421,0.509760
/odom,/base_footprint,-0.224078,-5.654428,0.931738,0.363130,0.060890,0.515870
/odom,/base_footprint,-0.228092,-5.650914,0.940740,0.339129,0.046756,0.510370
/odom,/base_footprint,-0.232171,-5.647736,0.950664,0.310222,0.043329,0.509632
/odom,/base_footprint,-0.235153,-5.645650,0.956816,0.290695,0.044825,0.512225
/odom,/base_footprint,-0.239015,-5.643208,0.963941,0.266116,0.047278,0.511394
/odom,/base_footprint,-0.245488,-5.639625,0.971671,0.236338,0.069496,0.513104
/odom,/base_footprint,-0.251701,-5.636582,0.976319,0.216334,0.094378,0.513508
/odom,/base_footprint,-0.260647,-5.632691,0.981553,0.191190,0.098795,0.513314
/odom,/base_footprint,-0.271922,-5.628527,0.986980,0.160842,0.100978,0.514076
/odom,/base_footprint,-0.281595,-5.625527,0.990077,0.140525,0.156539,0.513373
/odom,/base_footprint,-0.298864,-5.621013,0.993356,0.115085,0.188689,0.513413
/odom,/base_footprint,-0.324299,-5.615902,0.996422,0.084523,0.241437,0.509567
/odom,/base_footprint,-0.345034,-5.612806,0.997941,0.064135,0.277755,0.511829
/odom,/base_footprint,-0.373715,-5.609857,0.999258,0.038526,0.291484,0.512242
/odom,/base_footprint,-0.396735,-5.608552,0.999837,0.018032,0.287045,0.513324
/odom,/base_footprint,-0.433556,-5.608397,0.999920,-0.012636,0.343597,0.507892
/odom,/base_footprint,-0.460284,-5.609611,0.999448,-0.033229,0.318642,0.523640
/odom,/base_footprint,-0.504948,-5.614216,0.997595,-0.069318,0.314912,0.507831
/odom,/base_footprint,-0.531013,-5.618409,0.995968,-0.089715,0.340516,0.513468
/odom,/base_footprint,-0.566753,-5.625880,0.993357,-0.115073,0.398313,0.505862
/odom,/base_footprint,-0.613942,-5.638503,0.989381,-0.145346,0.415543,0.511653
/odom,/base_footprint,-0.646005,-5.648852,0.986195,-0.165591,0.420118,0.512014
/odom,/base_footprint,-0.677763,-5.660562,0.982608,-0.185692,0.427691,0.509454
/odom,/base_footprint,-0.730859,-5.683570,0.975215,-0.221257,0.395460,0.525998
/odom,/base_footprint,-0.757442,-5.696960,0.970420,-0.241421,0.359972,0.515991
/odom,/base_footprint,-0.782281,-5.710793,0.965266,-0.261269,0.352272,0.510679
/odom,/base_footprint,-0.822422,-5.736183,0.955189,-0.295997,0.327317,0.521583
/odom,/base_footprint,-0.851410,-5.757208,0.947352,-0.320193,0.395204,0.503432
/odom,/base_footprint,-0.875642,-5.776439,0.941298,-0.337576,0.381669,0.413848
/odom,/base_footprint,-0.898338,-5.795749,0.935381,-0.353641,0.344221,0.474558
/odom,/base_footprint,-0.933127,-5.828668,0.923607,-0.383341,0.386146,0.357953
/odom,/base_footprint,-0.957030,-5.853252,0.919197,-0.393799,0.462999,0.222270
/odom,/base_footprint,-0.982171,-5.880092,0.915573,-0.402151,0.439291,0.273549
/odom,/base_footprint,-1.021910,-5.925547,0.905701,-0.423918,0.445942,0.268988
/odom,/base_footprint,-1.045044,-5.953818,0.902040,-0.431652,0.466330,0.153386
/odom,/base_footprint,-1.067899,-5.982399,0.900893,-0.434040,0.431084,-0.001169
/odom,/base_footprint,-1.101886,-6.024774,0.901690,-0.432384,0.376681,0.065796
/odom,/base_footprint,-1.121655,-6.049632,0.899316,-0.437298,0.427350,0.201087
/odom,/base_footprint,-1.143422,-6.077943,0.894512,-0.447043,0.431885,0.308016
/odom,/base_footprint,-1.179835,-6.128657,0.885991,-0.463702,0.482956,0.164124
/odom,/base_footprint,-1.201031,-6.159572,0.883136,-0.469117,0.447953,0.208062
/odom,/base_footprint,-1.219691,-6.187760,0.878459,-0.477817,0.398820,0.259392
/odom,/base_footprint,-1.242516,-6.224435,0.868171,-0.496266,0.250686,0.401714
/odom,/base_footprint,-1.253057,-6.243100,0.858903,-0.512138,0.289021,0.522595
/odom,/base_footprint,-1.265409,-6.267521,0.844560,-0.535461,0.248533,0.490696
/odom,/base_footprint,-1.275467,-6.290276,0.830780,-0.556601,0.150538,0.341018
/odom,/base_footprint,-1.278172,-6.297044,0.823849,-0.566810,0.056029,0.357103
/odom,/base_footprint,-1.278353,-6.297447,0.810894,-0.585193,-0.032413,0.500274
/odom,/base_footprint,-1.277514,-6.294736,0.798944,-0.601406,-0.037231,0.504663
/odom,/base_footprint,-1.276441,-6.290497,0.776906,-0.629616,-0.025842,0.515623
/odom,/base_footprint,-1.275937,-6.287838,0.764014,-0.645199,-0.037116,0.500856
/odom,/base_footprint,-1.275520,-6.285058,0.750885,-0.660433,-0.032108,0.505992
/odom,/base_footprint,-1.275231,-6.282229,0.727017,-0.686620,-0.010147,0.505622
/odom,/base_footprint,-1.275209,-6.281689,0.712971,-0.701193,-0.004873,0.505951
/odom,/base_footprint,-1.275217,-6.280923,0.698408,-0.715699,-0.015273,0.524466
/odom,/base_footprint,-1.275396,-6.278134,0.672056,-0.740500,-0.023089,0.508751
/odom,/base_footprint,-1.275827,-6.274570,0.657914,-0.753093,-0.068009,0.440833
/odom,/base_footprint,-1.276560,-6.269741,0.645179,-0.764032,-0.042442,0.373654
/odom,/base_footprint,-1.277410,-6.265212,0.633574,-0.773682,-0.023433,0.081782
/odom,/base_footprint,-1.277851,-6.263032,0.633335,-0.773878,-0.032114,-0.061539
/odom,/base_footprint,-1.278410,-6.260185,0.638143,-0.769917,-0.037217,-0.228024
/odom,/base_footprint,-1.279144,-6.255810,0.656165,-0.754617,-0.030986,-0.450287
/odom,/base_footprint,-1.279605,-6.251908,0.670803,-0.741636,-0.060136,-0.500115
/odom,/base_footprint,-1.280138,-6.244203,0.692968,-0.720968,-0.068989,-0.508960
/odom,/base_footprint,-1.280235,-6.237586,0.711022,-0.703170,-0.063656,-0.505814
/odom,/base_footprint,-1.280112,-6.233479,0.725170,-0.688570,-0.046382,-0.510027
/odom,/base_footprint,-1.279779,-6.229014,0.739045,-0.673656,-0.077187,-0.507925
/odom,/base_footprint,-1.278324,-6.217501,0.762680,-0.646776,-0.070557,-0.518025
/odom,/base_footprint,-1.277408,-6.212570,0.775855,-0.630911,-0.054325,-0.512830
/odom,/base_footprint,-1.276373,-6.208092,0.788616,-0.614885,-0.068301,-0.513921
/odom,/base_footprint,-1.273542,-6.198339,0.810336,-0.585966,-0.070416,-0.516838
/odom,/base_footprint,-1.272252,-6.194648,0.822203,-0.569194,-0.037135,-0.512993
/odom,/base_footprint,-1.271399,-6.192490,0.833679,-0.552249,-0.014266,-0.510103
/odom,/base_footprint,-1.270627,-6.190837,0.853000,-0.521912,-0.013704,-0.518191
/odom,/base_footprint,-1.270261,-6.190153,0.863560,-0.504247,-0.008944,-0.513511
/odom,/base_footprint,-1.270004,-6.189715,0.873739,-0.486396,-0.003684,-0.513999
/odom,/base_footprint,-1.268775,-6.187934,0.890581,-0.454825,-0.026574,-0.509224
/odom,/base_footprint,-1.266565,-6.185025,0.899668,-0.436575,-0.057380,-0.509394
/odom,/base_footprint,-1.263318,-6.181103,0.910522,-0.413460,-0.047271,-0.511658
/odom,/base_footprint,-1.260222,-6.177755,0.922811,-0.385252,-0.032050,-0.512664
/odom,/base_footprint,-1.258221,-6.175814,0.930477,-0.366349,-0.036311,-0.509231
/odom,/base_footprint,-1.256178,-6.173985,0.937766,-0.347267,-0.031824,-0.512137
/odom,/base_footprint,-1.253516,-6.171842,0.949686,-0.313204,-0.019202,-0.518166
/odom,/base_footprint,-1.251881,-6.170687,0.955933,-0.293584,-0.027793,-0.512571
/odom,/base_footprint,-1.249228,-6.169003,0.964500,-0.264081,-0.026012,-0.512191
/odom,/base_footprint,-1.248306,-6.168474,0.969720,-0.244221,-0.006321,-0.514014
/odom,/base_footprint,-1.247960,-6.168296,0.974523,-0.224286,-0.003587,-0.511590
/odom,/base_footprint,-1.246632,-6.167725,0.981912,-0.189336,-0.015852,-0.509916
/odom,/base_footprint,-1.245990,-6.167479,0.985591,-0.169149,-0.005999,-0.514619
/odom,/base_footprint,-1.245719,-6.167388,0.988841,-0.148975,-0.001224,-0.506897
/odom,/base_footprint,-1.244970,-6.167197,0.993533,-0.113543,-0.009650,-0.514730
/odom,/base_footprint,-1.244418,-6.167080,0.995657,-0.093097,-0.006251,-0.513784
/odom,/base_footprint,-1.243815,-6.166980,0.997368,-0.072505,-0.009315,-0.520193
/odom,/base_footprint,-1.242204,-6.166809,0.999337,-0.036412,-0.013565,-0.511907
/odom,/base_footprint,-1.242964,-6.166834,0.999843,-0.017712,0.038797,-0.404826
/odom,/base_footprint,-1.249333,-6.166902,0.999972,0.007464,0.060415,-0.502780
/odom,/base_footprint,-1.255891,-6.166655,0.999608,0.028014,0.104634,-0.517771
/odom,/base_footprint,-1.264984,-6.165946,0.998837,0.048222,0.140200,-0.473625
/odom,/base_footprint,-1.291704,-6.162446,0.996978,0.077690,0.231583,-0.322234
/odom,/base_footprint,-1.312109,-6.158968,0.995908,0.090370,0.292470,-0.321916
/odom,/base_footprint,-1.337093,-6.154062,0.994738,0.102454,0.344698,-0.258118
/odom,/base_footprint,-1.374479,-6.145918,0.993960,0.109746,0.416012,-0.055520
/odom,/base_footprint,-1.427627,-6.134083,0.994151,0.108000,0.493456,0.058752
/odom,/base_footprint,-1.465485,-6.125866,0.994502,0.104721,0.461776,0.133467
/odom,/base_footprint,-1.525369,-6.114155,0.996425,0.084480,0.422022,0.421349
/odom,/base_footprint,-1.560430,-6.108774,0.997657,0.068422,0.461541,0.379866
/odom,/base_footprint,-1.598279,-6.104143,0.998553,0.053780,0.498907,0.346812
/odom,/base_footprint,-1.667648,-6.098369,0.999591,0.028613,0.497196,0.379563
/odom,/base_footprint,-1.707610,-6.096654,0.999893,0.014606,0.499692,0.335203
/odom,/base_footprint,-1.755545,-6.096076,0.999992,-0.004103,0.445599,0.450746
/odom,/base_footprint,-1.808892,-6.098110,0.999419,-0.034083,0.442326,0.499833
/odom,/base_footprint,-1.850124,-6.101955,0.998213,-0.059750,0.387592,0.520631
/odom,/base_footprint,-1.880367,-6.106225,0.996755,-0.080498,0.374003,0.518429
/odom,/base_footprint,-1.909204,-6.111524,0.994883,-0.101036,0.365364,0.514512
/odom,/base_footprint,-1.952179,-6.121736,0.991274,-0.131814,0.364088,0.516785
/odom,/base_footprint,-1.991174,-6.133570,0.986690,-0.162615,0.323884,0.521563
/odom,/base_footprint,-2.019676,-6.144050,0.982098,-0.188373,0.293603,0.523172
/odom,/base_footprint,-2.039654,-6.152480,0.977939,-0.208892,0.256089,0.524433
/odom,/base_footprint,-2.061989,-6.163177,0.972148,-0.234369,0.239375,0.520985
/odom,/base_footprint,-2.088572,-6.177875,0.964372,-0.264550,0.265147,0.519015
/odom,/base_footprint,-2.105833,-6.188602,0.958631,-0.284652,0.249224,0.524307
/odom,/base_footprint,-2.126010,-6.202501,0.950899,-0.309501,0.240535,0.517805
/odom,/base_footprint,-2.141420,-6.214218,0.944299,-0.329090,0.244671,0.516298
/odom,/base_footprint,-2.164984,-6.234164,0.933592,-0.358337,0.267914,0.520068
/odom,/base_footprint,-2.188015,-6.256238,0.921957,-0.387293,0.267072,0.520836
/odom,/base_footprint,-2.199661,-6.268503,0.915853,-0.401513,0.299403,0.513010
/odom,/base_footprint,-2.224641,-6.297422,0.902849,-0.429959,0.346175,0.531443
/odom,/base_footprint,-2.250513,-6.331446,0.888911,-0.458080,0.359183,0.518040
/odom,/base_footprint,-2.269025,-6.358756,0.878162,-0.478363,0.293684,0.379335
/odom,/base_footprint,-2.279745,-6.375851,0.871619,-0.490184,0.212904,0.315757
/odom,/base_footprint,-2.287920,-6.389759,0.863182,-0.504893,0.139492,0.407246
/odom,/base_footprint,-2.294152,-6.401513,0.848037,-0.529938,0.067578,0.505153
/odom,/base_footprint,-2.295086,-6.403485,0.837109,-0.547037,-0.001660,0.508217
/odom,/base_footprint,-2.294645,-6.402387,0.822787,-0.568349,-0.016717,0.518586
/odom,/base_footprint,-2.293670,-6.399518,0.806764,-0.590874,-0.052154,0.598208
/odom,/base_footprint,-2.291795,-6.392747,0.786466,-0.617633,-0.065436,0.514591
/odom,/base_footprint,-2.290118,-6.384959,0.770435,-0.637519,-0.087739,0.511146
/odom,/base_footprint,-2.289047,-6.378584,0.753808,-0.657094,-0.040275,0.511047
/odom,/base_footprint,-2.288924,-6.377720,0.740281,-0.672298,0.027040,0.508176
/odom,/base_footprint,-2.289223,-6.381731,0.719263,-0.694738,-0.003515,0.516939
/odom,/base_footprint,-2.289216,-6.379587,0.701031,-0.713131,-0.031627,0.517551
/odom,/base_footprint,-2.289269,-6.377945,0.686056,-0.727549,-0.010283,0.520543
/odom,/base_footprint,-2.289307,-6.377462,0.666895,-0.745152,-0.002137,0.519967
/odom,/base_footprint,-2.289482,-6.376303,0.643419,-0.765514,-0.013777,0.517568
/odom,/base_footprint,-2.289701,-6.375188,0.627419,-0.778682,-0.014199,0.518550
/odom,/base_footprint,-2.289925,-6.374240,0.611165,-0.791504,-0.008015,0.516089
/odom,/base_footprint,-2.290448,-6.372532,0.582167,-0.813070,-0.015803,0.518019
/odom,/base_footprint,-2.290907,-6.371273,0.565233,-0.824931,-0.018075,0.516259
/odom,/base_footprint,-2.291341,-6.370206,0.548071,-0.836432,-0.006754,0.516230
/odom,/base_footprint,-2.292087,-6.368682,0.517420,-0.855732,-0.017814,0.518322
/odom,/base_footprint,-2.292618,-6.367709,0.504111,-0.863639,-0.019291,0.514964
/odom,/base_footprint,-2.294393,-6.364833,0.472680,-0.881234,-0.027695,0.515047
/odom,/base_footprint,-2.295665,-6.363000,0.454486,-0.890754,-0.028868,0.512046
/odom,/base_footprint,-2.296945,-6.361311,0.431411,-0.902155,-0.013671,0.517382
/odom,/base_footprint,-2.299428,-6.358484,0.401379,-0.915912,-0.053639,0.591103
/odom,/base_footprint,-2.301782,-6.356029,0.380330,-0.924851,-0.022480,0.548016
/odom,/base_footprint,-2.303545,-6.354383,0.350780,-0.936458,-0.013040,0.516357
/odom,/base_footprint,-2.304988,-6.353199,0.326617,-0.945157,-0.024851,0.510968
/odom,/base_footprint,-2.306243,-6.352249,0.307275,-0.951621,-0.014704,0.509771
/odom,/base_footprint,-2.308009,-6.351077,0.272664,-0.962109,-0.018471,0.520127
/odom,/base_footprint,-2.309179,-6.350389,0.252817,-0.967514,-0.016489,0.512228
/odom,/base_footprint,-2.310328,-6.349774,0.233089,-0.972455,-0.015796,0.506196
/odom,/base_footprint,-2.312045,-6.348966,0.202945,-0.979190,-0.015868,0.525636
/odom,/base_footprint,-2.313037,-6.348562,0.177399,-0.984139,-0.008218,0.517651
/odom,/base_footprint,-2.313841,-6.348283,0.156856,-0.987622,-0.011824,0.522607
/odom,/base_footprint,-2.315027,-6.347935,0.126135,-0.992013,-0.009148,0.513334
/odom,/base_footprint,-2.315440,-6.347836,0.100650,-0.994922,-0.002606,0.512900
/odom,/base_footprint,-2.315926,-6.347749,0.080112,-0.996786,-0.007605,0.516983
/odom,/base_footprint,-2.317110,-6.347598,0.049224,-0.998788,-0.011317,0.515098
/odom,/base_footprint,-2.318211,-6.347517,0.023573,-0.999722,-0.010786,0.512742
/odom,/base_footprint,-2.318794,-6.347499,0.002982,-0.999996,-0.005578,0.516187
/odom,/base_footprint,-2.319760,-6.347527,-0.027933,-0.999610,-0.009118,0.514730
/odom,/base_footprint,-2.320608,-6.347596,-0.053516,-0.998567,-0.008629,0.510619
/odom,/base_footprint,-2.319369,-6.347419,-0.073877,-0.997267,0.045659,0.509027
/odom,/base_footprint,-2.312986,-6.346272,-0.104525,-0.994522,0.054295,0.517048
/odom,/base_footprint,-2.307359,-6.344941,-0.124832,-0.992178,0.096414,0.506685
/odom,/base_footprint,-2.290339,-6.339977,-0.154935,-0.987925,0.183582,0.516568
/odom,/base_footprint,-2.269928,-6.332788,-0.180488,-0.983577,0.248783,0.516906
/odom,/base_footprint,-2.250133,-6.324781,-0.200757,-0.979641,0.298685,0.516240
/odom,/base_footprint,-2.211541,-6.306787,-0.230439,-0.973087,0.393240,0.496795
/odom,/base_footprint,-2.174273,-6.286943,-0.251953,-0.967740,0.462654,0.360894
/odom,/base_footprint,-2.140602,-6.267531,-0.264666,-0.964340,0.496714,0.318179
/odom,/base_footprint,-2.089398,-6.235874,-0.280772,-0.959775,0.501395,0.222845
/odom,/base_footprint,-2.055965,-6.214088,-0.288230,-0.957561,0.498188,0.160750
/odom,/base_footprint,-2.014453,-6.186177,-0.294161,-0.955756,0.501406,0.054059
/odom,/base_footprint,-1.964741,-6.152550,-0.289447,-0.957194,0.499491,-0.196620
/odom,/base_footprint,-1.931237,-6.130687,-0.280387,-0.959887,0.500457,-0.250446
/odom,/base_footprint,-1.897293,-6.109493,-0.270119,-0.962827,0.499898,-0.309686
/odom,/base_footprint,-1.836473,-6.074819,-0.239730,-0.970840,0.500304,-0.518114
/odom,/base_footprint,-1.800706,-6.056923,-0.220292,-0.975434,0.499720,-0.485483
/odom,/base_footprint,-1.764269,-6.040445,-0.201043,-0.979582,0.500148,-0.502832
/odom,/base_footprint,-1.698991,-6.015155,-0.166475,-0.986046,0.499893,-0.500529
/odom,/base_footprint,-1.660960,-6.002783,-0.146734,-0.989176,0.500035,-0.499089
/odom,/base_footprint,-1.612764,-5.989467,-0.122000,-0.992530,0.500032,-0.499598
/odom,/base_footprint,-1.554146,-5.976689,-0.092176,-0.995743,0.500089,-0.500256
/odom,/base_footprint,-1.514691,-5.970103,-0.073844,-0.997270,0.499894,-0.398028
/odom,/base_footprint,-1.465143,-5.963572,-0.058018,-0.998316,0.499875,-0.283935
/odom,/base_footprint,-1.405445,-5.957554,-0.044015,-0.999031,0.499841,-0.150265
/odom,/base_footprint,-1.365600,-5.954242,-0.039376,-0.999224,0.499820,-0.091383
/odom,/base_footprint,-1.315738,-5.950496,-0.036599,-0.999330,0.499961,0.015620
/odom,/base_footprint,-1.255934,-5.945901,-0.040778,-0.999168,0.499926,0.092290
/odom,/base_footprint,-1.216071,-5.942504,-0.044087,-0.999028,0.500135,0.078217
/odom,/base_footprint,-1.166277,-5.937940,-0.046320,-0.998927,0.500054,-0.017337
/odom,/base_footprint,-1.106516,-5.932490,-0.044502,-0.999009,0.499985,-0.032728
/odom,/base_footprint,-1.066672,-5.929005,-0.042378,-0.999102,0.500028,-0.071653
/odom,/base_footprint,-1.016830,-5.924952,-0.038734,-0.999250,0.500010,-0.072779
/odom,/base_footprint,-0.956995,-5.920571,-0.034326,-0.999411,0.500003,-0.073941
/odom,/base_footprint,-0.917075,-5.917966,-0.030444,-0.999536,0.500097,-0.114994
/odom,/base_footprint,-0.867144,-5.915246,-0.022963,-0.999736,0.500108,-0.220712
/odom,/base_footprint,-0.807154,-5.913505,-0.005340,-0.999986,0.500018,-0.312843
/odom,/base_footprint,-0.767165,-5.913550,0.005819,-0.999983,0.499791,-0.236892
/odom,/base_footprint,-0.727179,-5.914376,0.014330,-0.999897,0.500028,-0.167558
/odom,/base_footprint,-0.657236,-5.916809,0.019629,-0.999807,0.499990,-0.064555
/odom,/base_footprint,-0.617262,-5.918517,0.023913,-0.999714,0.500250,-0.169810
/odom,/base_footprint,-0.557363,-5.922245,0.039933,-0.999202,0.500095,-0.336915
/odom,/base_footprint,-0.517536,-5.926007,0.054762,-0.998499,0.500147,-0.400365
/odom,/base_footprint,-0.467951,-5.932510,0.076475,-0.997072,0.500177,-0.494123
/odom,/base_footprint,-0.408964,-5.943506,0.108561,-0.994090,0.500077,-0.575927
/odom,/base_footprint,-0.370116,-5.953008,0.130142,-0.991495,0.499883,-0.507590
/odom,/base_footprint,-0.312645,-5.970233,0.159955,-0.987124,0.500197,-0.501475
/odom,/base_footprint,-0.265594,-5.987135,0.181826,-0.983331,0.499701,-0.359277
/odom,/base_footprint,-0.219219,-6.005775,0.198336,-0.980134,0.500180,-0.353697
/odom,/base_footprint,-0.182568,-6.021827,0.211011,-0.977484,0.499990,-0.293607
/odom,/base_footprint,-0.146339,-6.038752,0.222919,-0.974837,0.499918,-0.345041
/odom,/base_footprint,-0.092969,-6.066229,0.249561,-0.968359,0.500187,-0.503114
/odom,/base_footprint,-0.041364,-6.096787,0.278653,-0.960392,0.499993,-0.502869
/odom,/base_footprint,-0.000061,-6.124450,0.303013,-0.952986,0.496453,-0.511603
/odom,/base_footprint,0.032021,-6.148139,0.322234,-0.946660,0.499055,-0.502895
/odom,/base_footprint,0.078426,-6.186152,0.350567,-0.936538,0.500578,-0.500569
/odom,/base_footprint,0.115320,-6.219891,0.373118,-0.927784,0.499638,-0.477204
/odom,/base_footprint,0.143634,-6.248139,0.391339,-0.920247,0.500297,-0.502796
/odom,/base_footprint,0.177413,-6.285021,0.414300,-0.910141,0.499904,-0.500155
/odom,/base_footprint,0.215467,-6.331381,0.440054,-0.897971,0.500049,-0.453976
/odom,/base_footprint,0.239383,-6.363456,0.457194,-0.889367,0.500185,-0.499746
/odom,/base_footprint,0.272815,-6.413272,0.483710,-0.875228,0.499954,-0.500439
/odom,/base_footprint,0.298348,-6.456258,0.505459,-0.862851,0.500070,-0.500499
/odom,/base_footprint,0.317208,-6.491534,0.522613,-0.852570,0.500017,-0.499788
/odom,/base_footprint,0.342814,-6.545792,0.547991,-0.836484,0.500063,-0.501457
/odom,/base_footprint,0.361623,-6.592118,0.568918,-0.822394,0.500018,-0.505344
/odom,/base_footprint,0.374993,-6.629813,0.584613,-0.811312,0.499945,-0.464584
/odom,/base_footprint,0.386704,-6.667144,0.598909,-0.800817,0.465249,-0.395408
/odom,/base_footprint,0.401381,-6.720820,0.612937,-0.790132,0.332605,-0.129518
/odom,/base_footprint,0.406975,-6.742800,0.613538,-0.789665,0.248084,0.062890
/odom,/base_footprint,0.411109,-6.758694,0.608688,-0.793410,0.171451,0.220456
/odom,/base_footprint,0.414742,-6.771408,0.587448,-0.809262,0.029103,0.501447
/odom,/base_footprint,0.414317,-6.770253,0.570995,-0.820954,-0.050268,0.503208
/odom,/base_footprint,0.411355,-6.762911,0.550097,-0.835101,-0.100183,0.506912
/odom,/base_footprint,0.406311,-6.752091,0.524330,-0.851515,-0.098779,0.509972
/odom,/base_footprint,0.403473,-6.746705,0.506665,-0.862143,-0.055544,0.516523
/odom,/base_footprint,0.400958,-6.742414,0.488856,-0.872364,-0.077790,0.509315
/odom,/base_footprint,0.397123,-6.736476,0.466354,-0.884598,-0.058297,0.514902
/odom,/base_footprint,0.392700,-6.730425,0.438960,-0.898507,-0.058979,0.511093
/odom,/base_footprint,0.390189,-6.727322,0.420316,-0.907378,-0.034603,0.522179
/odom,/base_footprint,0.386578,-6.723366,0.387167,-0.922010,-0.035535,0.515282
/odom,/base_footprint,0.383765,-6.720624,0.368219,-0.929739,-0.058704,0.509301
/odom,/base_footprint,0.380618,-6.717777,0.349195,-0.937050,-0.042729,0.510049
/odom,/base_footprint,0.377207,-6.715000,0.315403,-0.948958,-0.021728,0.513756
/odom,/base_footprint,0.375658,-6.713892,0.295891,-0.955222,-0.024135,0.511903
/odom,/base_footprint,0.373960,-6.712780,0.276283,-0.961076,-0.026852,0.510971
/odom,/base_footprint,0.371314,-6.711236,0.241780,-0.970331,-0.017236,0.509590
/odom,/base_footprint,0.370682,-6.710911,0.226851,-0.973930,-0.008928,0.513070
/odom,/base_footprint,0.369752,-6.710491,0.191676,-0.981458,-0.006677,0.514413
/odom,/base_footprint,0.369347,-6.710336,0.171414,-0.985199,-0.004844,0.515420
/odom,/base_footprint,0.371510,-6.710993,0.142923,-0.989734,0.060951,0.440570
/odom,/base_footprint,0.379521,-6.713181,0.125074,-0.992147,0.140030,0.458486
/odom,/base_footprint,0.400865,-6.718005,0.100472,-0.994940,0.229731,0.321653
/odom,/base_footprint,0.427426,-6.723012,0.086895,-0.996217,0.308502,0.252222
/odom,/base_footprint,0.461542,-6.728603,0.077190,-0.997016,0.387958,0.108916
/odom,/base_footprint,0.495281,-6.733798,0.076508,-0.997069,0.453793,-0.054184
/odom,/base_footprint,0.532742,-6.739745,0.081411,-0.996681,0.499325,-0.179519
/odom,/base_footprint,0.601619,-6.752251,0.097423,-0.995243,0.499189,-0.192411
/odom,/base_footprint,0.640799,-6.760274,0.103628,-0.994616,0.500352,-0.123264
/odom,/base_footprint,0.699421,-6.773152,0.113913,-0.993491,0.499956,-0.268700
/odom,/base_footprint,0.747932,-6.785319,0.132890,-0.991131,0.500307,-0.475168
/odom,/base_footprint,0.785787,-6.796471,0.152802,-0.988257,0.491101,-0.507182
/odom,/base_footprint,0.823113,-6.809138,0.172842,-0.984950,0.494284,-0.508181
/odom,/base_footprint,0.886789,-6.834795,0.207949,-0.978140,0.488016,-0.511871
/odom,/base_footprint,0.922259,-6.851465,0.227810,-0.973706,0.489738,-0.507438
/odom,/base_footprint,0.974355,-6.879263,0.257363,-0.966315,0.493950,-0.507929
/odom,/base_footprint,1.016712,-6.905001,0.281863,-0.959455,0.495549,-0.509418
/odom,/base_footprint,1.049619,-6.927123,0.301344,-0.953516,0.496269,-0.508666
/odom,/base_footprint,1.081762,-6.950684,0.320619,-0.947208,0.499490,-0.505744
/odom,/base_footprint,1.135015,-6.994477,0.354396,-0.935095,0.487776,-0.518892
/odom,/base_footprint,1.164032,-7.021246,0.373409,-0.927667,0.495032,-0.506401
/odom,/base_footprint,1.192158,-7.049387,0.392120,-0.919914,0.500453,-0.506507
/odom,/base_footprint,1.238857,-7.101615,0.424429,-0.905461,0.499052,-0.506002
/odom,/base_footprint,1.263798,-7.132842,0.442583,-0.896727,0.500330,-0.502707
/odom,/base_footprint,1.287509,-7.165110,0.460556,-0.887631,0.500318,-0.504428
/odom,/base_footprint,1.325748,-7.223696,0.491556,-0.870846,0.500102,-0.502559
/odom,/base_footprint,1.345731,-7.258364,0.509036,-0.860745,0.500138,-0.506193
/odom,/base_footprint,1.364284,-7.293796,0.526421,-0.850224,0.499944,-0.509783
/odom,/base_footprint,1.393242,-7.357520,0.556122,-0.831101,0.500034,-0.499895
/odom,/base_footprint,1.407778,-7.394777,0.571800,-0.820393,0.499875,-0.455315
/odom,/base_footprint,1.420929,-7.432552,0.587073,-0.809534,0.500124,-0.495098
/odom,/base_footprint,1.440338,-7.499806,0.615011,-0.788519,0.499941,-0.499081
/odom,/base_footprint,1.447206,-7.529007,0.626747,-0.779223,0.500034,-0.499106
/odom,/base_footprint,1.459874,-7.597842,0.652284,-0.757975,0.499930,-0.447778
/odom,/base_footprint,1.465097,-7.637501,0.666639,-0.745380,0.500185,-0.498035
/odom,/base_footprint,1.468762,-7.677341,0.680787,-0.732481,0.499965,-0.433803
/odom,/base_footprint,1.471817,-7.747256,0.702048,-0.712130,0.500182,-0.420367
/odom,/base_footprint,1.471745,-7.787261,0.712832,-0.701335,0.499861,-0.320216
/odom,/base_footprint,1.470711,-7.826270,0.719389,-0.694607,0.463220,-0.168372
/odom,/base_footprint,1.468093,-7.889931,0.722885,-0.690969,0.486841,-0.058000
/odom,/base_footprint,1.466190,-7.929263,0.725567,-0.688152,0.500696,-0.139673
/odom,/base_footprint,1.463803,-7.969678,0.730120,-0.683319,0.504765,-0.216182
/odom,/base_footprint,1.459826,-8.019284,0.740130,-0.672464,0.496321,-0.349210
/odom,/base_footprint,1.452743,-8.079021,0.755785,-0.654820,0.501942,-0.477205
/odom,/base_footprint,1.446266,-8.118435,0.768819,-0.639466,0.498178,-0.509066
/odom,/base_footprint,1.431143,-8.186436,0.791160,-0.611610,0.496577,-0.511440
/odom,/base_footprint,1.420601,-8.223799,0.803554,-0.595232,0.481885,-0.514243
/odom,/base_footprint,1.408618,-8.260418,0.815605,-0.578609,0.481315,-0.512217
/odom,/base_footprint,1.383681,-8.324218,0.835592,-0.549350,0.495666,-0.501462
/odom,/base_footprint,1.367139,-8.360500,0.846480,-0.532420,0.499536,-0.503764
/odom,/base_footprint,1.349103,-8.396184,0.857005,-0.515309,0.499669,-0.501209
/odom,/base_footprint,1.319405,-8.448277,0.872088,-0.489349,0.500379,-0.499353
/odom,/base_footprint,1.288579,-8.495783,0.884725,-0.466113,0.426867,-0.339413
/odom,/base_footprint,1.266995,-8.526400,0.890348,-0.455280,0.325267,-0.175964
/odom,/base_footprint,1.251052,-8.548142,0.893677,-0.448711,0.225703,-0.135189
/odom,/base_footprint,1.242296,-8.559762,0.896743,-0.442552,0.148142,-0.226372
/odom,/base_footprint,1.236236,-8.567458,0.905096,-0.425207,0.026051,-0.356160
/odom,/base_footprint,1.238266,-8.565175,0.915595,-0.402101,-0.045582,-0.504806
/odom,/base_footprint,1.242091,-8.561224,0.925551,-0.378624,-0.055669,-0.511133
/odom,/base_footprint,1.246787,-8.556816,0.933046,-0.359758,-0.104350,-0.505393
/odom,/base_footprint,1.253936,-8.550639,0.941879,-0.335952,-0.068763,-0.511286
/odom,/base_footprint,1.258966,-8.546749,0.950173,-0.311724,-0.067353,-0.509035
/odom,/base_footprint,1.263383,-8.543660,0.959319,-0.282326,-0.012632,-0.521465
/odom,/base_footprint,1.263230,-8.543751,0.963633,-0.267230,0.011057,-0.517963
/odom,/base_footprint,1.262497,-8.544199,0.971347,-0.237666,-0.030992,-0.505609
/odom,/base_footprint,1.270252,-8.540521,0.978027,-0.208479,-0.118490,-0.492837
/odom,/base_footprint,1.274424,-8.538705,0.980064,-0.198682,-0.103295,-0.509180
/odom,/base_footprint,1.281309,-8.536014,0.986651,-0.162849,-0.025195,-0.526277
/odom,/base_footprint,1.283573,-8.535308,0.989808,-0.142407,-0.052423,-0.510747
/odom,/base_footprint,1.295032,-8.532372,0.994302,-0.106604,-0.057521,-0.523654
/odom,/base_footprint,1.297175,-8.531936,0.996318,-0.085733,-0.004992,-0.520078
/odom,/base_footprint,1.298017,-8.531818,0.997875,-0.065152,-0.034162,-0.514806
/odom,/base_footprint,1.301571,-8.531423,0.999002,-0.044664,-0.031619,-0.509712
/odom,/base_footprint,1.305524,-8.531240,0.999976,-0.006945,-0.041390,-0.594048
/odom,/base_footprint,1.307813,-8.531249,0.999878,0.015618,-0.009833,-0.508854
/odom,/base_footprint,1.304998,-8.531024,0.998994,0.044838,0.078179,-0.493450
/odom,/base_footprint,1.294266,-8.529779,0.997552,0.069928,0.111694,-0.509200
/odom,/base_footprint,1.280860,-8.527507,0.995408,0.095724,0.167637,-0.524642
/odom,/base_footprint,1.264353,-8.523836,0.992318,0.123713,0.100969,-0.410175
/odom,/base_footprint,1.259845,-8.522640,0.990652,0.136416,0.055635,-0.450753
/odom,/base_footprint,1.258946,-8.522386,0.986039,0.166515,-0.002236,-0.514621
/odom,/base_footprint,1.255879,-8.521167,0.980933,0.194346,0.062547,-0.436198
/odom,/base_footprint,1.251132,-8.519123,0.978091,0.208179,0.111292,-0.503724
/odom,/base_footprint,1.236367,-8.512000,0.971432,0.237317,0.131819,-0.482058
/odom,/base_footprint,1.222953,-8.504606,0.965987,0.258591,0.184034,-0.370083
/odom,/base_footprint,1.212942,-8.498690,0.963215,0.268731,0.183133,-0.336478
/odom,/base_footprint,1.196936,-8.488561,0.956871,0.290513,0.088217,-0.373305
/odom,/base_footprint,1.192356,-8.485377,0.951348,0.308118,0.068426,-0.467644
/odom,/base_footprint,1.187527,-8.481727,0.943385,0.331701,0.013236,-0.320256
/odom,/base_footprint,1.188100,-8.482206,0.939960,0.341285,-0.020036,-0.111670
/odom,/base_footprint,1.188901,-8.482879,0.939554,0.342400,-0.013282,0.013125
/odom,/base_footprint,1.190366,-8.484085,0.943615,0.331045,-0.017850,0.308278
/odom,/base_footprint,1.191959,-8.485318,0.948751,0.316025,-0.028688,0.467106
/odom,/base_footprint,1.195215,-8.487606,0.956617,0.291347,-0.061160,0.518779
/odom,/base_footprint,1.200418,-8.490889,0.965195,0.261531,-0.044426,0.514800
/odom,/base_footprint,1.203064,-8.492369,0.970368,0.241630,-0.032215,0.514199
/odom,/base_footprint,1.207029,-8.494308,0.977338,0.211684,-0.043421,0.509604
/odom,/base_footprint,1.210228,-8.495673,0.982386,0.186863,-0.029648,0.505728
/odom,/base_footprint,1.211505,-8.496155,0.985979,0.166867,-0.010694,0.508387
/odom,/base_footprint,1.212614,-8.496507,0.990208,0.139601,-0.008514,0.365113
/odom,/base_footprint,1.211041,-8.496094,0.991874,0.127223,0.051780,0.154928
/odom,/base_footprint,1.208035,-8.495319,0.992191,0.124727,0.015490,-0.003914
/odom,/base_footprint,1.204913,-8.494511,0.991729,0.128353,0.056212,-0.149910
/odom,/base_footprint,1.199475,-8.493028,0.990150,0.140013,0.037774,-0.331823
/odom,/base_footprint,1.197968,-8.492579,0.987496,0.157647,-0.008536,-0.435612
/odom,/base_footprint,1.199387,-8.493073,0.983906,0.178687,-0.013065,-0.522470
/odom,/base_footprint,1.201035,-8.493758,0.978312,0.207137,-0.020533,-0.451049
/odom,/base_footprint,1.201772,-8.494090,0.974665,0.223668,0.011836,-0.373455
/odom,/base_footprint,1.195088,-8.490635,0.969835,0.243761,0.095652,-0.347633
/odom,/base_footprint,1.188632,-8.487041,0.964844,0.262825,0.038888,-0.459751
/odom,/base_footprint,1.189012,-8.487304,0.958047,0.286610,-0.020347,-0.508647
/odom,/base_footprint,1.191000,-8.488672,0.952413,0.304812,-0.033766,-0.417636
/odom,/base_footprint,1.193805,-8.490752,0.947163,0.320752,-0.028242,-0.163817
/odom,/base_footprint,1.195310,-8.491913,0.946262,0.323402,-0.019935,0.002811
/odom,/base_footprint,1.198999,-8.494739,0.947637,0.319351,-0.075350,0.090542
/odom,/base_footprint,1.204267,-8.498719,0.948245,0.317540,-0.063891,-0.021312
/odom,/base_footprint,1.207109,-8.500868,0.947527,0.319675,-0.011928,-0.112030
/odom,/base_footprint,1.207780,-8.501408,0.943985,0.329987,-0.044178,-0.189570
/odom,/base_footprint,1.210914,-8.503954,0.939864,0.341550,-0.037471,-0.332108
/odom,/base_footprint,1.212844,-8.505617,0.933945,0.357416,-0.024217,-0.480217
/odom,/base_footprint,1.213984,-8.506686,0.924011,0.382366,-0.010808,-0.363350
/odom,/base_footprint,1.215280,-8.508020,0.919130,0.393955,-0.018336,-0.172347
/odom,/base_footprint,1.215349,-8.508086,0.915990,0.401200,0.024467,-0.249234
/odom,/base_footprint,1.210476,-8.502594,0.909484,0.415739,0.108889,-0.268389
/odom,/base_footprint,1.201147,-8.491518,0.904735,0.425976,0.184506,-0.188129
/odom,/base_footprint,1.189764,-8.477534,0.901843,0.432064,0.258261,-0.141063
/odom,/base_footprint,1.167246,-8.449188,0.900030,0.435829,0.347900,-0.001693
/odom,/base_footprint,1.148855,-8.425931,0.900145,0.435590,0.400048,0.010205
/odom,/base_footprint,1.110520,-8.377721,0.901760,0.432238,0.471640,0.100966
/odom,/base_footprint,1.085838,-8.347331,0.904292,0.426913,0.497616,0.183292
/odom,/base_footprint,1.060352,-8.316866,0.907974,0.419026,0.495123,0.274226
/odom,/base_footprint,1.021021,-8.272647,0.916925,0.399060,0.492138,0.388125
/odom,/base_footprint,0.986391,-8.236838,0.924131,0.382076,0.500892,0.357044
/odom,/base_footprint,0.957885,-8.209241,0.930006,0.367544,0.493201,0.450637
/odom,/base_footprint,0.921944,-8.177207,0.939134,0.343551,0.465411,0.535894
/odom,/base_footprint,0.877236,-8.141811,0.949169,0.314766,0.484187,0.466378
/odom,/base_footprint,0.845631,-8.119189,0.955146,0.296136,0.489137,0.511240
/odom,/base_footprint,0.787152,-8.081963,0.964187,0.265224,0.496900,0.371242
/odom,/base_footprint,0.752525,-8.061993,0.967608,0.252456,0.501937,0.306490
/odom,/base_footprint,0.718114,-8.043292,0.970932,0.239355,0.477745,0.395644
/odom,/base_footprint,0.683849,-8.026098,0.975288,0.220938,0.483579,0.502798
/odom,/base_footprint,0.620791,-7.998621,0.981981,0.188981,0.500452,0.370222
/odom,/base_footprint,0.583422,-7.984237,0.984204,0.177036,0.500320,0.265483
/odom,/base_footprint,0.546318,-7.970887,0.986106,0.166116,0.479575,0.319370
/odom,/base_footprint,0.481178,-7.950421,0.990785,0.135444,0.495509,0.488162
/odom,/base_footprint,0.442699,-7.940516,0.993284,0.115701,0.498963,0.504430
/odom,/base_footprint,0.395008,-7.930515,0.995938,0.090039,0.472085,0.527576
/odom,/base_footprint,0.340122,-7.922281,0.998290,0.058454,0.456634,0.527767
/odom,/base_footprint,0.302601,-7.918669,0.999281,0.037927,0.481497,0.504995
/odom,/base_footprint,0.264755,-7.916559,0.999854,0.017071,0.454412,0.565753
/odom,/base_footprint,0.201163,-7.917019,0.999751,-0.022294,0.469050,0.467793
/odom,/base_footprint,0.162947,-7.919345,0.999305,-0.037282,0.488275,0.306781
/odom,/base_footprint,0.123529,-7.922762,0.998787,-0.049232,0.500355,0.313240
/odom,/base_footprint,0.054440,-7.931196,0.997312,-0.073267,0.501220,0.389935
/odom,/base_footprint,0.015739,-7.937501,0.996170,-0.087438,0.480441,0.296216
/odom,/base_footprint,-0.021225,-7.944387,0.995429,-0.095506,0.447277,0.131296
/odom,/base_footprint,-0.075126,-7.955276,0.994410,-0.105590,0.336468,0.242489
/odom,/base_footprint,-0.097896,-7.960432,0.993003,-0.118086,0.262485,0.380743
/odom,/base_footprint,-0.117251,-7.965456,0.990631,-0.136569,0.225625,0.509038
/odom,/base_footprint,-0.142760,-7.973594,0.985519,-0.169568,0.195009,0.392744
/odom,/base_footprint,-0.156146,-7.978571,0.982584,-0.185820,0.155298,0.466819
/odom,/base_footprint,-0.168131,-7.983654,0.975337,-0.220721,0.038672,0.510121
/odom,/base_footprint,-0.168948,-7.984047,0.970231,-0.242180,-0.007555,0.593206
/odom,/base_footprint,-0.168264,-7.983655,0.964274,-0.264907,-0.020153,0.552174
/odom,/base_footprint,-0.166584,-7.982595,0.953982,-0.299864,-0.005961,0.518841
/odom,/base_footprint,-0.165586,-7.981861,0.947511,-0.319724,-0.019825,0.524116
/odom,/base_footprint,-0.164693,-7.981160,0.940829,-0.338882,0.003619,0.463853
/odom,/base_footprint,-0.171126,-7.986930,0.930520,-0.366241,0.124362,0.386409
/odom,/base_footprint,-0.178148,-7.993650,0.925419,-0.378946,0.095215,0.278743
/odom,/base_footprint,-0.181632,-7.997136,0.921001,-0.389560,-0.004382,0.100028
/odom,/base_footprint,-0.181271,-7.996763,0.921284,-0.388891,-0.005492,-0.085220
/odom,/base_footprint,-0.180177,-7.995656,0.923897,-0.382641,-0.023227,-0.213022
/odom,/base_footprint,-0.178528,-7.994061,0.931678,-0.363285,-0.017481,-0.441228
/odom,/base_footprint,-0.178525,-7.994045,0.937894,-0.346921,0.015849,-0.431572
/odom,/base_footprint,-0.178657,-7.994177,0.944659,-0.328055,-0.030561,-0.334351
/odom,/base_footprint,-0.175725,-7.991951,0.951545,-0.307508,-0.029679,-0.434355
/odom,/base_footprint,-0.174570,-7.991140,0.957180,-0.289492,-0.009297,-0.504064
/odom,/base_footprint,-0.176003,-7.991987,0.965522,-0.260322,0.038460,-0.507690
/odom,/base_footprint,-0.181768,-7.995113,0.971794,-0.235832,0.091115,-0.505232
/odom,/base_footprint,-0.187708,-7.998030,0.976779,-0.214248,0.036083,-0.355109
/odom,/base_footprint,-0.188603,-7.998439,0.978968,-0.204015,-0.007950,-0.189447
/odom,/base_footprint,-0.188056,-7.998203,0.979755,-0.200202,-0.004911,-0.025111
/odom,/base_footprint,-0.190826,-7.999378,0.980256,-0.197733,0.069969,-0.140695
/odom,/base_footprint,-0.198615,-8.002571,0.981970,-0.189037,0.137250,-0.277962
/odom,/base_footprint,-0.212489,-8.007886,0.984607,-0.174781,0.220894,-0.430371
/odom,/base_footprint,-0.243112,-8.018060,0.989342,-0.145613,0.315438,-0.509477
/odom,/base_footprint,-0.283743,-8.028889,0.993352,-0.115120,0.378897,-0.514753
/odom,/base_footprint,-0.306922,-8.033961,0.994925,-0.100616,0.417455,-0.445742
/odom,/base_footprint,-0.361826,-8.043941,0.996640,-0.081907,0.494979,-0.199692
/odom,/base_footprint,-0.411317,-8.051708,0.997202,-0.074758,0.503233,-0.068916
/odom,/base_footprint,-0.450891,-8.057616,0.997316,-0.073214,0.497974,-0.048624
/odom,/base_footprint,-0.510204,-8.066249,0.997359,-0.072631,0.501247,0.071768
/odom,/base_footprint,-0.559678,-8.073642,0.997236,-0.074304,0.499376,-0.046906
/odom,/base_footprint,-0.589337,-8.078012,0.997442,-0.071477,0.500036,-0.132107
/odom,/base_footprint,-0.658776,-8.087115,0.998293,-0.058413,0.499705,-0.194160
/odom,/base_footprint,-0.698516,-8.091486,0.998682,-0.051318,0.499957,-0.166197
/odom,/base_footprint,-0.758264,-8.097100,0.999043,-0.043733,0.499795,-0.048756
/odom,/base_footprint,-0.798101,-8.100508,0.999162,-0.040931,0.499992,-0.123635
/odom,/base_footprint,-0.847987,-8.104225,0.999473,-0.032452,0.500247,-0.237618
/odom,/base_footprint,-0.907928,-8.106999,0.999929,-0.011891,0.500187,-0.438347
/odom,/base_footprint,-0.947938,-8.107258,0.999989,0.004687,0.499971,-0.355093
/odom,/base_footprint,-1.007894,-8.105526,0.999708,0.024160,0.500064,-0.324742
/odom,/base_footprint,-1.057800,-8.102302,0.999187,0.040317,0.499968,-0.322696
/odom,/base_footprint,-1.097615,-8.098603,0.998676,0.051449,0.499775,-0.220193
/odom,/base_footprint,-1.147289,-8.092947,0.998087,0.061821,0.500114,-0.207344
/odom,/base_footprint,-1.196846,-8.086244,0.997338,0.072913,0.500025,-0.239743
/odom,/base_footprint,-1.256076,-8.076750,0.996458,0.084088,0.499762,-0.089033
/odom,/base_footprint,-1.295484,-8.069992,0.996406,0.084707,0.499852,0.035640
/odom,/base_footprint,-1.354655,-8.060078,0.996777,0.080227,0.499936,0.105766
/odom,/base_footprint,-1.404055,-8.052419,0.997375,0.072414,0.499873,0.199925
/odom,/base_footprint,-1.453604,-8.045756,0.998180,0.060305,0.499938,0.277723
/odom,/base_footprint,-1.493361,-8.041404,0.998836,0.048239,0.499882,0.325959
/odom,/base_footprint,-1.553177,-8.036880,0.999669,0.025742,0.499899,0.442746
/odom,/base_footprint,-1.603150,-8.035474,0.999998,0.001874,0.500034,0.495015
/odom,/base_footprint,-1.642865,-8.036119,0.999834,-0.018233,0.495503,0.506599
/odom,/base_footprint,-1.682416,-8.038364,0.999260,-0.038472,0.494984,0.505980
/odom,/base_footprint,-1.751640,-8.046182,0.997272,-0.073814,0.499899,0.505762
/odom,/base_footprint,-1.790856,-8.052834,0.995566,-0.094062,0.496300,0.509153
/odom,/base_footprint,-1.849188,-8.065811,0.992244,-0.124303,0.499069,0.505506
/odom,/base_footprint,-1.887741,-8.076460,0.989528,-0.144341,0.500637,0.505548
/odom,/base_footprint,-1.944709,-8.095332,0.984727,-0.174103,0.499634,0.500485
/odom,/base_footprint,-1.991224,-8.113648,0.980032,-0.198838,0.500280,0.504630
/odom,/base_footprint,-2.036646,-8.134245,0.974660,-0.223691,0.498246,0.509818
/odom,/base_footprint,-2.072232,-8.152387,0.969946,-0.243319,0.499676,0.502193
/odom,/base_footprint,-2.106973,-8.171895,0.964847,-0.262813,0.496524,0.505692
/odom,/base_footprint,-2.165028,-8.208885,0.954850,-0.297089,0.487961,0.513649
/odom,/base_footprint,-2.197118,-8.231974,0.948645,-0.316344,0.496585,0.501503
/odom,/base_footprint,-2.228270,-8.256343,0.942048,-0.335477,0.492358,0.511619
/odom,/base_footprint,-2.280446,-8.302103,0.929555,-0.368685,0.497831,0.501646
/odom,/base_footprint,-2.309016,-8.330068,0.922310,-0.386451,0.501318,0.465866
/odom,/base_footprint,-2.349877,-8.374055,0.910599,-0.413290,0.499027,0.507590
/odom,/base_footprint,-2.375408,-8.404469,0.901993,-0.431751,0.496146,0.510410
/odom,/base_footprint,-2.399759,-8.435994,0.893292,-0.449477,0.499565,0.450346
/odom,/base_footprint,-2.439898,-8.493290,0.880210,-0.474584,0.500516,0.488599
/odom,/base_footprint,-2.461162,-8.527083,0.870416,-0.492318,0.498486,0.508577
/odom,/base_footprint,-2.481033,-8.561709,0.860262,-0.509853,0.499823,0.504564
/odom,/base_footprint,-2.512394,-8.624159,0.841637,-0.540044,0.498624,0.509224
/odom,/base_footprint,-2.528113,-8.660379,0.830429,-0.557124,0.491760,0.511434
/odom,/base_footprint,-2.542377,-8.697305,0.819165,-0.573557,0.498829,0.472596
/odom,/base_footprint,-2.563884,-8.763122,0.799138,-0.601148,0.491807,0.509979
/odom,/base_footprint,-2.573876,-8.800592,0.786700,-0.617335,0.481343,0.510660
/odom,/base_footprint,-2.582379,-8.838661,0.774376,-0.632726,0.497858,0.448453
/odom,/base_footprint,-2.594467,-8.907271,0.757184,-0.653201,0.497647,0.454787
/odom,/base_footprint,-2.599471,-8.946306,0.743993,-0.668187,0.488560,0.507044
/odom,/base_footprint,-2.602840,-8.984892,0.730295,-0.683132,0.480207,0.507641
/odom,/base_footprint,-2.604938,-9.052004,0.705638,-0.708573,0.478900,0.504737
/odom,/base_footprint,-2.604022,-9.089603,0.691061,-0.722796,0.466965,0.511274
/odom,/base_footprint,-2.601621,-9.126396,0.676190,-0.736728,0.454851,0.507892
/odom,/base_footprint,-2.594070,-9.188484,0.649454,-0.760401,0.441573,0.512853
/odom,/base_footprint,-2.587828,-9.223303,0.633910,-0.773407,0.441500,0.503749
/odom,/base_footprint,-2.576059,-9.274062,0.610020,-0.792386,0.430930,0.511599
/odom,/base_footprint,-2.564016,-9.315322,0.589763,-0.807576,0.428602,0.504353
/odom,/base_footprint,-2.553083,-9.347409,0.574899,-0.818224,0.423372,0.392864
/odom,/base_footprint,-2.535790,-9.392577,0.557546,-0.830146,0.380175,0.422774
/odom,/base_footprint,-2.521571,-9.425156,0.536833,-0.843688,0.340000,0.511463
/odom,/base_footprint,-2.509931,-9.448789,0.519466,-0.854491,0.324195,0.512284
/odom,/base_footprint,-2.491158,-9.482430,0.492984,-0.870039,0.319879,0.512051
/odom,/base_footprint,-2.474461,-9.508767,0.470750,-0.882267,0.309029,0.505460
/odom,/base_footprint,-2.460714,-9.528409,0.452670,-0.891678,0.295244,0.511823
/odom,/base_footprint,-2.446528,-9.547006,0.434344,-0.900747,0.289260,0.510909
/odom,/base_footprint,-2.422242,-9.575472,0.401677,-0.915781,0.227872,0.516980
/odom,/base_footprint,-2.410454,-9.587770,0.382735,-0.923858,0.202751,0.513549
/odom,/base_footprint,-2.393869,-9.603388,0.354222,-0.935161,0.185629,0.510871
/odom,/base_footprint,-2.382130,-9.613349,0.335043,-0.942203,0.193025,0.510325
/odom,/base_footprint,-2.363472,-9.627605,0.306056,-0.952014,0.199316,0.510639
/odom,/base_footprint,-2.349173,-9.637347,0.281533,-0.959551,0.150233,0.514149
/odom,/base_footprint,-2.337277,-9.644571,0.256827,-0.966457,0.132980,0.512377
/odom,/base_footprint,-2.328246,-9.649494,0.237042,-0.971499,0.128811,0.510044
/odom,/base_footprint,-2.319473,-9.653830,0.217120,-0.976145,0.109795,0.512745
/odom,/base_footprint,-2.307263,-9.659090,0.187083,-0.982344,0.112452,0.509669
/odom,/base_footprint,-2.294901,-9.663546,0.156747,-0.987639,0.107975,0.515349
/odom,/base_footprint,-2.288666,-9.665470,0.141545,-0.989932,0.108780,0.510512
/odom,/base_footprint,-2.276147,-9.668712,0.111153,-0.993803,0.108612,0.511535
/odom,/base_footprint,-2.266585,-9.670625,0.080359,-0.996766,0.036219,0.518309
/odom,/base_footprint,-2.263579,-9.671032,0.054824,-0.998496,0.027472,0.509060
/odom,/base_footprint,-2.261132,-9.671249,0.034471,-0.999406,0.034659,0.509682
/odom,/base_footprint,-2.257729,-9.671410,0.014051,-0.999901,0.047653,0.510383
/odom,/base_footprint,-2.251571,-9.671366,-0.021620,-0.999766,0.044738,0.509919
